instrument_name,option_type,underlying_price_S,strike_K,time_to_maturity_T,risk_free_rate_r,option_price_V,implied_vol,price_heston_analytical,price_heston_monte_carlo,mc_error_abs,mc_error_rel
BTC-8JUN26-60000-C,call,62901.03,60000.0,0.001,0.045,2924.897895,0.8179134810254531,2916.0639606221303,2905.1316194660976,10.932341156032635,0.0037490059558571084
BTC-8JUN26-60500-C,call,62910.77,60500.0,0.001,0.045,2422.064645,0.6017404689345789,2420.2572188061677,2417.938351456225,2.318867349942593,0.000958107812642498
BTC-8JUN26-61000-C,call,62908.37,61000.0,0.001,0.045,1934.4323775,0.588323399571589,1915.3119953773348,1900.9655096278555,14.34648574947937,0.007490417114342238
BTC-8JUN26-61000-P,put,62908.37,61000.0,0.001,0.045,9.4362555,0.4997128185331114,4.197057138902892,2.246212239696462,1.9508448992064298,0.46481256619641337
BTC-8JUN26-61500-C,call,62908.37,61500.0,0.001,0.045,1446.89251,0.5083302015526625,1428.4673332272869,1429.220238397965,0.7529051706781047,0.0005270720254953903
BTC-8JUN26-61500-P,put,62908.38,61500.0,0.001,0.045,18.872514,0.4407793745210462,17.329422048882407,14.046452298325246,3.282969750557161,0.18944484941832687
BTC-8JUN26-62000-C,call,62908.61,62000.0,0.001,0.045,975.083455,0.4350741304667542,970.7756900937893,961.3630220624624,9.412668031326916,0.009696027751186819
BTC-8JUN26-62000-P,put,62908.61,62000.0,0.001,0.045,34.5997355,0.3627751690990277,59.37575286784704,54.806735314533775,4.569017553313266,0.07695089885399103
BTC-8JUN26-62500-C,call,62909.52,62500.0,0.001,0.045,503.27616,0.3079301963724843,575.3627785473,573.3051051288722,2.0576734184277257,0.0035763061065976942
BTC-8JUN26-62500-P,put,62910.66,62500.0,0.001,0.045,100.6570559999937,0.3236468096649322,162.69202180505818,162.04388119256967,0.6481406124885041,0.0039838500087307485
BTC-8JUN26-63000-C,call,62911.56,63000.0,0.001,0.045,173.00679,0.2682901595639196,287.1807177716182,286.99029060006103,0.19042717155718947,0.0006630917738308167
BTC-8JUN26-63000-P,put,62911.56,63000.0,0.001,0.045,261.082974,0.2714413557875562,372.7857815581665,374.9992542173488,2.213472659182287,0.005937653120594983
BTC-8JUN26-63500-C,call,62920.43,63500.0,0.001,0.045,34.606236499993706,0.2591278450880495,121.75674405453174,119.2808328538291,2.4759112007026403,0.020334899885247774
BTC-8JUN26-63500-P,put,62922.53,63500.0,0.001,0.045,644.9559324999937,0.3309478731390251,696.8658196639735,703.5900926679172,6.724273003943722,0.00964930810810343
BTC-8JUN26-64000-C,call,62921.63,64000.0,0.001,0.045,15.7304075,0.3354502826014526,43.617432311875746,38.04646258047211,5.570969731403636,0.12772346825851152
BTC-8JUN26-64500-P,put,62921.1,64500.0,0.001,0.045,1997.744925,1.2720564730510324,1588.3594332823923,1589.7185053505816,1.3590720681893345,0.0008556451642565382
BTC-8JUN26-65500-P,put,62921.24,65500.0,0.001,0.045,2658.42239,0.9537210322882568,2583.760633112506,2584.3754078143907,0.6147747018844711,0.00023793794750401773
BTC-9JUN26-58500-C,call,62962.21,58500.0,0.0031481430349124,0.045,4533.279119999999,0.814704095069398,4493.84660503365,4463.585639293718,30.260965739932544,0.006733867085279816
BTC-9JUN26-58500-P,put,62962.21,58500.0,0.0031481430349124,0.045,110.1838675,0.9239584901793793,23.349705495864328,0.34898161068844663,23.00072388517588,0.9850541322351899
BTC-9JUN26-59000-C,call,62965.13,59000.0,0.0031481430349124,0.045,4061.250885,0.7967432700554095,3993.151829917675,3980.8623835196345,12.289446398040582,0.003077630634018228
BTC-9JUN26-59000-P,put,62969.81,59000.0,0.0031481430349124,0.045,138.5335819999937,0.893440610966494,19.690966659145488,1.09022758440345,18.600739074742037,0.9446331100308327
BTC-9JUN26-59500-C,call,62965.16,59500.0,0.0031481430349124,0.045,3589.014119999994,0.7673437524940349,3491.702873292692,3468.0608545275254,23.64201876516654,0.006770913683979075
BTC-9JUN26-59500-P,put,62965.16,59500.0,0.0031481430349124,0.045,176.302448,0.8633973480053823,18.114317352548824,3.711441108214529,14.402876244334294,0.7951100758598391
BTC-9JUN26-60000-C,call,62965.35,60000.0,0.0031481430349124,0.045,3164.0088375,0.7901208537809242,2994.967198220089,2991.955492085803,3.0117061342857596,0.0010055890215010096
BTC-9JUN26-60000-P,put,62964.66,60000.0,0.0031481430349124,0.045,223.524543,0.832672511710928,21.126284789977944,9.852887702715401,11.273397087262543,0.5336194792096387
BTC-9JUN26-60500-C,call,62966.06,60500.0,0.0031481430349124,0.045,2723.282095,0.7637236369968219,2508.0195236965155,2476.839239651669,31.180284044846758,0.01243223338185614
BTC-9JUN26-60500-P,put,62969.11,60500.0,0.0031481430349124,0.045,280.2125395,0.7990464859916171,33.27814888484863,23.033253484835924,10.244895400012709,0.30785652878298037
BTC-9JUN26-61000-C,call,62969.97,61000.0,0.0031481430349124,0.045,2314.1463975,0.7486570568728643,2041.2698406801646,2036.2420650570537,5.027775623110983,0.002463062708767448
BTC-9JUN26-61000-P,put,62978.26,61000.0,0.0031481430349124,0.045,362.124995,0.7757659247245622,62.00272228087124,51.3214682543633,10.681254026507936,0.17227072672909496
BTC-9JUN26-61500-C,call,62969.1,61500.0,0.0031481430349124,0.045,1904.815275,0.7153982988757287,1598.7055369543887,1589.6504937936943,9.055043160694368,0.0056639843619636565
BTC-9JUN26-61500-P,put,62967.36,61500.0,0.0031481430349124,0.045,440.77151999999376,0.7267381588663153,121.15238929008774,117.28033632719496,3.8720529628927807,0.0319601865516785
BTC-9JUN26-62000-C,call,62967.36,62000.0,0.0031481430349124,0.045,1526.95848,0.6872401485506262,1198.0922157226378,1200.7623181178337,2.670102395195954,0.002228628447924155
BTC-9JUN26-62000-P,put,62967.28,62000.0,0.0031481430349124,0.045,582.4473399999999,0.7117078646310422,221.9691968847037,221.09679523066384,0.8724016540398623,0.003930282517952296
BTC-9JUN26-62500-C,call,62961.62,62500.0,0.0031481430349124,0.045,1180.530375,0.6597987198939477,851.1195521282789,853.8213704024732,2.701818274194352,0.003174428630429512
BTC-9JUN26-62500-P,put,62963.76,62500.0,0.0031481430349124,0.045,724.08324,0.6706373519515855,379.8573140169756,373.26212378152326,6.595190235452321,0.017362283131285412
BTC-9JUN26-63000-C,call,62964.96,63000.0,0.0031481430349124,0.045,881.50944,0.6345709813621154,575.3032179803995,574.7796994121697,0.523518568229747,0.00090998720651617
BTC-9JUN26-63000-P,put,62969.3,63000.0,0.0031481430349124,0.045,913.0548499999936,0.6399542140211908,599.2390918832825,599.8301848051847,0.5910929219021455,0.0009864058101491087
BTC-9JUN26-63500-C,call,62968.86,63500.0,0.0031481430349124,0.045,613.946385,0.6003196883719693,366.4842315155365,366.89801191924465,0.41378040370813096,0.0011290537712823517
BTC-9JUN26-63500-P,put,62960.75,63500.0,0.0031481430349124,0.045,1164.773875,0.6177185694320076,893.789783663975,880.7702462647502,13.01953739922476,0.014566666163773834
BTC-9JUN26-64000-C,call,62957.61,64000.0,0.0031481430349124,0.045,409.224465,0.5806815386384244,215.87562240081388,203.64395246428322,12.231669936530665,0.05666072806414547
BTC-9JUN26-64000-P,put,62935.62,64000.0,0.0031481430349124,0.045,1541.92269,0.6473548288624594,1265.874459051549,1250.6466184547062,15.227840596842725,0.012029502995306597
BTC-9JUN26-64500-C,call,62937.27,64500.0,0.0031481430349124,0.045,264.336534,0.5726303543399675,118.44013495602667,111.59995568288461,6.840179273142056,0.057752207692786
BTC-9JUN26-64500-P,put,62933.55,64500.0,0.0031481430349124,0.045,2190.08754,0.8846653512106853,1675.2054592967615,1684.118277142077,8.91281784531543,0.005320432664454761
BTC-9JUN26-65000-C,call,62933.55,65000.0,0.0031481430349124,0.045,157.333875,0.5568703401953068,64.01262833162946,61.155139082787855,2.8574892488416026,0.04463946135812206
BTC-9JUN26-65500-C,call,62931.97,65500.0,0.0031481430349124,0.045,88.104758,0.5439619303927101,35.75936351571272,25.440511517794736,10.318851997917985,0.2885636371403497
BTC-9JUN26-66000-C,call,62932.29,66000.0,0.0031481430349124,0.045,56.639061,0.5571155846627517,23.25090421334039,12.200077047620246,11.050827165720145,0.4752859099294575
BTC-9JUN26-67000-C,call,62949.58,67000.0,0.0031481430349124,0.045,18.884874,0.5629863852252853,20.075706513562874,2.1813762638688963,17.89433024969398,0.8913424908660033
BTC-9JUN26-68000-C,call,62953.68,68000.0,0.0031481430349124,0.045,9.443052,0.6093872913170046,27.13843919087219,0.08028855614701479,27.058150634725177,0.9970415190209605
BTC-9JUN26-68000-P,put,62951.65,68000.0,0.0031481430349124,0.045,5099.0836500000005,0.8246351326405414,5065.874995310318,5044.569669343941,21.305325966376586,0.004205655683588674
BTC-10JUN26-57000-P,put,62924.34,57000.0,0.0058878690623097,0.045,141.57976499999998,0.9023365615428736,41.82554698228341,0.44746006518221354,41.3780869171012,0.9893017522192418
BTC-10JUN26-58000-C,call,62929.81,58000.0,0.0058878690623097,0.045,5128.779515,0.8335335667821588,4977.898317341234,4964.289241117728,13.609076223506236,0.0027339000027575967
BTC-10JUN26-58000-P,put,62930.97,58000.0,0.0058878690623097,0.045,204.5256525,0.8587307838315413,32.72930739097501,3.651809495291994,29.077497895683017,0.8884238688075946
BTC-10JUN26-58500-P,put,62935.23,58500.0,0.0058878690623097,0.045,245.447397,0.8366033859927007,31.64944288465631,6.8488559252440435,24.800586959412264,0.78360263875089
BTC-10JUN26-59000-P,put,62938.33,59000.0,0.0058878690623097,0.045,292.6632345,0.8125457192456683,35.08576904040092,14.220445329990815,20.865323710410102,0.5946947802792604
BTC-10JUN26-59500-C,call,62938.89,59500.0,0.0058878690623097,0.045,4799.0903625,1.4587392354919635,3500.7319341127586,3491.8950748198554,8.836859292903227,0.0025242890513246
BTC-10JUN26-59500-P,put,62943.24,59500.0,0.0058878690623097,0.045,346.18782,0.7861867537371753,45.9502184753801,28.411494965094146,17.53872351028595,0.3816896652990478
BTC-10JUN26-60000-C,call,62944.29,60000.0,0.0058878690623097,0.045,4358.8920825000005,1.391686453686929,3028.9142976469448,2994.254029854589,34.660267792355626,0.011443132550591461
BTC-10JUN26-60000-P,put,62943.81,60000.0,0.0058878690623097,0.045,424.8707175,0.7700808761641643,68.75663432668807,54.966021399886145,13.790612926801927,0.20057137848367693
BTC-10JUN26-60500-C,call,62945.58,60500.0,0.0058878690623097,0.045,2942.705865,0.728278926230788,2570.7570918702404,2572.3354590340787,1.5783671638382657,0.0006139697791089218
BTC-10JUN26-60500-P,put,62945.45,60500.0,0.0058878690623097,0.045,503.5636,0.7435296896471585,109.16216766436264,101.5685857859378,7.593581878424843,0.06956239547910574
BTC-10JUN26-61000-C,call,62939.85,61000.0,0.0058878690623097,0.045,2549.063925,0.7128876524166622,2131.286972892325,2116.4368878931273,14.850084999197861,0.0069676609429302335
BTC-10JUN26-61000-P,put,62940.9,61000.0,0.0058878690623097,0.045,597.93855,0.7161076685616582,175.11600877522142,174.6175930239585,0.49841575126291104,0.002846203238349708
BTC-10JUN26-61500-C,call,62948.88,61500.0,0.0058878690623097,0.045,2155.99914,0.6792967643857873,1736.4803926610984,1754.4730135714217,17.99262091032324,0.010361545679620457
BTC-10JUN26-61500-P,put,62940.56,61500.0,0.0058878690623097,0.045,723.81644,0.6968904511896967,273.1646680500926,269.47719978924306,3.6874682608495277,0.01349906738368274
BTC-10JUN26-62000-C,call,62940.2,62000.0,0.0058878690623097,0.045,1825.2657999999935,0.6752461004232064,1367.661702878344,1361.00343780781,6.658265070533844,0.0048683567409404235
BTC-10JUN26-62000-P,put,62939.23,62000.0,0.0058878690623097,0.045,881.14922,0.6818809406349025,411.33586900218506,407.806672086839,3.5291969153460627,0.008579842365576233
BTC-10JUN26-62500-C,call,62939.02,62500.0,0.0058878690623097,0.045,1494.801725,0.6532256277537615,1050.5380759440523,1042.6367850455579,7.901290898494381,0.007521184695180124
BTC-10JUN26-62500-P,put,62936.98,62500.0,0.0058878690623097,0.045,1069.92866,0.6689243313675448,595.783687286239,586.0471114068148,9.736575879424208,0.016342468058791203
BTC-10JUN26-63000-C,call,62937.99,63000.0,0.0058878690623097,0.045,1195.82181,0.6322014845994779,782.9209290424151,782.3420691443241,0.5788598980909683,0.0007393593358130912
BTC-10JUN26-63000-P,put,62941.23,63000.0,0.0058878690623097,0.045,1258.8246,0.6422136789734381,826.6117052646514,824.0486301482217,2.5630751164296726,0.0031007002442689437
BTC-10JUN26-63500-C,call,62946.46,63500.0,0.0058878690623097,0.045,944.1969,0.6167662108113934,569.1189878264668,576.2420551896419,7.123067363175096,0.01251595451133855
BTC-10JUN26-63500-P,put,62946.85,63500.0,0.0058878690623097,0.045,1510.7244,0.6325337769771389,1105.602534756159,1074.5987185166848,31.00381623947419,0.02804246125060856
BTC-10JUN26-64000-C,call,62949.01,64000.0,0.0058878690623097,0.045,723.913615,0.6017129133785212,399.4270053482287,385.40775645431063,14.019248893918075,0.035098400223830144
BTC-10JUN26-64000-P,put,62949.01,64000.0,0.0058878690623097,0.045,1794.046784999994,0.6214538780374365,1433.4621886721216,1439.4032931613394,5.941104489217878,0.0041445840261202715
BTC-10JUN26-64500-C,call,62947.78,64500.0,0.0058878690623097,0.045,535.05613,0.5857228538287278,271.22447112444024,269.6422429154614,1.5822282089788473,0.0058336484256721315
BTC-10JUN26-64500-P,put,62944.42,64500.0,0.0058878690623097,0.045,2155.8463850000003,0.6345454433262379,1808.9565370705386,1804.0630155141807,4.893521556357882,0.0027051625929512668
BTC-10JUN26-65000-C,call,62944.42,65000.0,0.0058878690623097,0.045,393.402625,0.5785167347924615,179.20450365625584,166.62956732149163,12.574936334764203,0.07017087226158686
BTC-10JUN26-65000-P,put,62944.52,65000.0,0.0058878690623097,0.045,2407.62789,0.5624946246336899,2217.480642617411,2206.10125208671,11.37939053070113,0.005131675249831912
BTC-10JUN26-66000-C,call,62944.52,66000.0,0.0058878690623097,0.045,188.83356,0.5578570186884044,77.20752842892853,61.20321259055728,16.004315838371248,0.207289576081996
BTC-10JUN26-67000-C,call,62942.0,67000.0,0.0058878690623097,0.045,84.9717,0.5497428209230687,40.586764927319564,23.16180041842124,17.424964508898324,0.4293262727419134
BTC-10JUN26-68000-C,call,62942.16,68000.0,0.0058878690623097,0.045,37.765296,0.5520704698906941,34.51410215190646,5.112633606021236,29.401468545885223,0.8518682715975323
BTC-10JUN26-69000-C,call,62943.04,69000.0,0.0058878690623097,0.045,18.882912,0.5698375526882872,40.77789153993987,1.2850504690945357,39.49284107084534,0.9684865886742601
BTC-11JUN26-56000-P,put,62949.23,56000.0,0.008627595089707,0.045,166.8154595,0.8832858037328823,58.4226958677973,0.5800138966704802,57.84268197112682,0.9900721134474354
BTC-11JUN26-57000-P,put,62945.87,57000.0,0.008627595089707,0.045,223.4578385,0.8400815467492189,47.00080244032142,4.04481513338274,42.95598730693868,0.9139415728376428
BTC-11JUN26-58000-C,call,62941.7,58000.0,0.008627595089707,0.045,6121.080325,1.3451469396413216,5009.571212218114,4976.250968950517,33.32024326759711,0.0066513164213197655
BTC-11JUN26-58000-P,put,62945.31,58000.0,0.008627595089707,0.045,302.137488,0.7984317154255836,45.33817454375094,11.530191863462973,33.807982680287964,0.7456846911130831
BTC-11JUN26-59000-C,call,62945.31,59000.0,0.008627595089707,0.045,5271.669712499993,1.2673908491550203,4034.345855372456,4032.7350903829188,1.6107649895370741,0.0003992629901554056
BTC-11JUN26-59000-P,put,62951.41,59000.0,0.008627595089707,0.045,409.184165,0.757200176814473,65.91769781585026,42.169732824127976,23.747964991722284,0.3602669052257459
BTC-11JUN26-60000-C,call,62952.46,60000.0,0.008627595089707,0.045,4438.148429999999,1.1830903122363932,3108.9660947962984,3054.0900976726066,54.87599712369183,0.017650883107262493
BTC-11JUN26-60000-P,put,62952.99,60000.0,0.008627595089707,0.045,566.5769099999999,0.7218795481228392,133.16567334554566,113.7964600201244,19.369213325421256,0.1454519985429049
BTC-11JUN26-60500-C,call,62953.04,60500.0,0.008627595089707,0.045,3100.4372200000003,0.6820183481080966,2671.9195212168706,2651.234080306593,20.68544091027752,0.007741790404247192
BTC-11JUN26-60500-P,put,62949.58,60500.0,0.008627595089707,0.045,660.9705899999938,0.7012536705308499,195.87963989239506,182.861078317672,13.018561574723066,0.06646204568210719
BTC-11JUN26-61000-C,call,62943.25,61000.0,0.008627595089707,0.045,2706.55975,0.6646455685160938,2252.4442777697623,2237.5942880101647,14.84998975959752,0.006592833352708332
BTC-11JUN26-61000-P,put,62942.25,61000.0,0.008627595089707,0.045,771.0425625,0.6800762438797896,285.71233314541314,277.9671003369171,7.745232808496041,0.02710850008898324
BTC-11JUN26-61500-C,call,62941.78,61500.0,0.008627595089707,0.045,2360.31675,0.6578282138379625,1871.531500677389,1862.5296883064411,9.001812370947846,0.004809864203562535
BTC-11JUN26-61500-P,put,62941.08,61500.0,0.008627595089707,0.045,912.6456599999938,0.666116006315453,406.0625803461444,403.16374662886415,2.8988337172802403,0.007138884146402152
BTC-11JUN26-62000-C,call,62939.19,62000.0,0.008627595089707,0.045,1998.3192825,0.6338006668105037,1525.8517433109155,1543.6853971956468,17.833653884731348,0.011687671468025101
BTC-11JUN26-62000-P,put,62938.59,62000.0,0.008627595089707,0.045,1069.95603,0.6492941530586593,562.7971720384303,560.6044392099961,2.1927328284341456,0.00389613334497071
BTC-11JUN26-62500-C,call,62938.68,62500.0,0.008627595089707,0.045,1699.34436,0.626765866330195,1220.981262233181,1209.3734927623777,11.607769470803305,0.009506918598875657
BTC-11JUN26-62500-P,put,62943.97,62500.0,0.008627595089707,0.045,1258.8794,0.6375257814896735,755.8412164231922,751.3710576176194,4.470158805572851,0.005914150629052264
BTC-11JUN26-63000-C,call,62945.37,63000.0,0.008627595089707,0.045,1400.5344825,0.6068290298812244,960.9078095333898,958.080255648346,2.8275538850438124,0.0029425860181288913
BTC-11JUN26-63000-P,put,62945.37,63000.0,0.008627595089707,0.045,1447.74351,0.6141332098618641,991.0833248875497,983.1958552582813,7.887469629268367,0.007958432385252063
BTC-11JUN26-63500-C,call,62941.72,63500.0,0.008627595089707,0.045,1132.95096,0.5907177633242631,736.7109615254049,735.2219470936881,1.4890144317167824,0.002021165028729432
BTC-11JUN26-63500-P,put,62941.77,63500.0,0.008627595089707,0.045,1699.42779,0.6049213449933738,1270.3133644865957,1238.506832789399,31.80653169719676,0.025038335096200102
BTC-11JUN26-64000-C,call,62944.89,64000.0,0.008627595089707,0.045,912.7009049999936,0.5811807099598808,555.2847438578174,551.3765056001768,3.908238257640619,0.0070382597412784985
BTC-11JUN26-64000-P,put,62943.22,64000.0,0.008627595089707,0.045,1998.447235,0.605382860198244,1586.6516922935843,1566.5171206203356,20.13457167324873,0.0126899758598834
BTC-11JUN26-64500-C,call,62937.88,64500.0,0.008627595089707,0.045,723.78562,0.5745011759261993,407.5927688024203,406.91565204244773,0.6771167599725914,0.0016612580295820268
BTC-11JUN26-64500-P,put,62938.38,64500.0,0.008627595089707,0.045,2328.72006,0.6063336977093469,1944.3105899889706,1924.5489468503765,19.76164313859408,0.010163830429327746
BTC-11JUN26-65000-C,call,62916.63,65000.0,0.008627595089707,0.045,566.2496699999999,0.5713911863087906,290.8180042549484,277.22880348548483,13.58920076946356,0.04672750851267948
BTC-11JUN26-65000-P,put,62910.45,65000.0,0.008627595089707,0.045,2657.9665124999933,0.586123819094201,2353.8815056077947,2348.615223817858,5.266281789936784,0.0022372756561409744
BTC-11JUN26-66000-C,call,62910.22,66000.0,0.008627595089707,0.045,327.133144,0.5596064744664627,147.04929798128342,127.44541379570428,19.603884185579133,0.133315047774484
BTC-11JUN26-66000-P,put,62914.54,66000.0,0.008627595089707,0.045,3649.043319999994,0.7114729609440047,3207.352442324882,3212.807096159691,5.454653834809051,0.0017006717948512043
BTC-11JUN26-67000-C,call,62910.83,67000.0,0.008627595089707,0.045,176.150324,0.5495814716109312,78.49038894453042,57.97301284414662,20.5173761003838,0.2613998525970299
BTC-11JUN26-68000-C,call,62917.4,68000.0,0.008627595089707,0.045,97.52197,0.5532326793719309,52.84853268713141,21.348115262858105,31.500417424273305,0.5960509369438679
BTC-11JUN26-69000-C,call,62919.43,69000.0,0.008627595089707,0.045,53.4815155,0.5604718165507276,49.240518169726954,8.131270728759683,41.10924744096727,0.8348662639834123
BTC-11JUN26-69000-P,put,62918.19,69000.0,0.008627595089707,0.045,6921.0009,1.2122661207971102,6104.270256805874,6062.433080813645,41.83717599222928,0.00685375552394383
BTC-11JUN26-70000-C,call,62917.22,70000.0,0.008627595089707,0.045,31.45861,0.5766649869317472,56.40862559099483,2.0085810072586936,54.40004458373614,0.9643923072718981
BTC-11JUN26-70000-P,put,62910.26,70000.0,0.008627595089707,0.045,7108.859379999994,0.6153608671003948,7119.051005334484,7071.857221317058,47.19378401742597,0.006629224033099704
BTC-12JUN26-70000-C,call,62904.41,70000.0,0.0113673211171042,0.045,59.759189500000005,0.5609532122370561,64.37884788567452,8.823879785143307,55.55496810053121,0.8629382153465536
BTC-12JUN26-70000-P,put,62905.82,70000.0,0.0113673211171042,0.045,7124.084115000001,0.5708193031377217,7122.754004684342,7072.729070745889,50.024933938453614,0.007023257283005179
BTC-12JUN26-72000-C,call,62905.44,72000.0,0.0113673211171042,0.045,31.452720000000003,0.6117498580411687,87.03509445963084,0.6929706850660822,86.34212377456475,0.9920380314473318
BTC-12JUN26-74000-C,call,62870.68,74000.0,0.0113673211171042,0.045,18.861204,0.6684097251496087,123.32068512437718,0.1276014496130101,123.19308367476417,0.9989652875388723
BTC-12JUN26-75000-C,call,62878.81,75000.0,0.0113673211171042,0.045,18.863643,0.7151411583736151,143.78177017821713,0.2175740039748974,143.56419617424223,0.9984867761489845
BTC-19JUN26-55000-C,call,62951.61,55000.0,0.030545403308885,0.045,8577.1568625,0.7316244462629496,8165.13568517151,8066.2595690946955,98.87611607681447,0.012109549662032048
BTC-19JUN26-55000-P,put,62950.58,55000.0,0.030545403308885,0.045,409.17877,0.6673966675701066,137.9884896088115,45.70470554421928,92.28378406459223,0.6687788548610889
BTC-19JUN26-56000-C,call,62948.38,56000.0,0.030545403308885,0.045,7427.908839999999,0.5997930679963368,7189.640371011679,7130.556020141685,59.08435086999452,0.0082179841857209
BTC-19JUN26-56000-P,put,62941.91,56000.0,0.030545403308885,0.045,519.2707575000001,0.6502268933030885,164.55095328625612,90.8372413577598,73.71371192849632,0.4479689145298507
BTC-19JUN26-58000-C,call,62941.39,58000.0,0.030545403308885,0.045,5680.4604475,0.5631766189022543,5340.535105690717,5344.527540305371,3.992434614654485,0.000747572019590371
BTC-19JUN26-58000-P,put,62941.4,58000.0,0.030545403308885,0.045,771.03215,0.6002781676373591,319.4752873871912,277.7019067714997,41.77338061569151,0.13075621891549893
BTC-19JUN26-59000-C,call,62939.68,59000.0,0.030545403308885,0.045,4909.29504,0.5600583492126012,4492.399765416951,4460.921509860008,31.478255556942713,0.007007002315169326
BTC-19JUN26-59000-P,put,62939.04,59000.0,0.030545403308885,0.045,959.82036,0.5809324300174837,471.7824669337497,409.1040782743963,62.6783886593534,0.13285442561424193
BTC-19JUN26-60000-C,call,62937.58,60000.0,0.030545403308885,0.045,4138.145885,0.5425676213044532,3710.1712030369235,3732.1285816414447,21.957378604521182,0.0059181577892007215
BTC-19JUN26-60000-P,put,62937.09,60000.0,0.030545403308885,0.045,1195.80471,0.5631982508503882,690.2889906470373,657.2032720453578,33.085718601679446,0.047930242333239
BTC-19JUN26-61000-C,call,62935.57,61000.0,0.030545403308885,0.045,3414.2546725,0.5242680200840597,3005.051244984599,2971.947626471361,33.10361851323796,0.011015991347398009
BTC-19JUN26-61000-P,put,62935.37,61000.0,0.030545403308885,0.045,1478.981195,0.5449743513961925,985.7537826774205,950.2833028333215,35.47047984409903,0.03598310294864619
BTC-19JUN26-62000-C,call,62936.45,62000.0,0.030545403308885,0.045,2769.2038,0.5104785157815376,2386.651956056594,2372.79673816885,13.855217887743947,0.005805294673395354
BTC-19JUN26-62000-P,put,62938.3,62000.0,0.030545403308885,0.045,1825.210699999994,0.528800953797325,1364.3070008515788,1335.0875803325837,29.219420518995094,0.02141704213256752
BTC-19JUN26-63000-C,call,62937.55,63000.0,0.030545403308885,0.045,2187.0798625,0.4958936008507452,1856.955807436214,1830.6400118022175,26.31579563399646,0.01417147114035475
BTC-19JUN26-63000-P,put,62937.55,63000.0,0.030545403308885,0.045,2250.0174125,0.5157481083842441,1832.8690769155437,1825.2749162931818,7.594160622361869,0.004143318646164163
BTC-19JUN26-64000-C,call,62937.52,64000.0,0.030545403308885,0.045,1683.57866,0.4830688313783874,1415.2486819699043,1388.336002857168,26.912679112736214,0.019016219167415922
BTC-19JUN26-64000-P,put,62937.74,64000.0,0.030545403308885,0.045,2737.79169,0.5014136768832541,2389.6924304734057,2388.1475147975884,1.5449156758172649,0.0006464914296570007
BTC-19JUN26-65000-C,call,62938.87,65000.0,0.030545403308885,0.045,1274.5121175000002,0.4748912730799769,1058.6414961069677,1042.8223165761897,15.819179530778001,0.014942905212908444
BTC-19JUN26-65000-P,put,62939.53,65000.0,0.030545403308885,0.045,3304.325325,0.4889123957636743,3030.054814622941,3027.012324907819,3.042489715121974,0.0010041038533161256
BTC-19JUN26-66000-C,call,62938.13,66000.0,0.030545403308885,0.045,944.07195,0.4687028598420005,778.5837995667443,771.300757454551,7.283042112193357,0.009354217383210548
BTC-19JUN26-66000-P,put,62938.44,66000.0,0.030545403308885,0.045,3996.59094,0.489848199332576,3749.5694923450937,3706.0177272708515,43.55176507424221,0.011615137461288555
BTC-19JUN26-67000-C,call,62937.35,67000.0,0.030545403308885,0.045,676.5765124999999,0.4616123960625491,566.4182973812985,515.6455438657883,50.7727535155102,0.08963826513063942
BTC-19JUN26-67000-P,put,62937.29,67000.0,0.030545403308885,0.045,4736.0310725,0.4873999103347576,4537.085034322918,4537.6317344964355,0.5467001735178201,0.00012049590637646176
BTC-19JUN26-68000-C,call,62942.24,68000.0,0.030545403308885,0.045,472.0668,0.4551515322833553,412.35369158402864,355.4889798974039,56.86471168662473,0.137902758838372
BTC-19JUN26-68000-P,put,62940.97,68000.0,0.030545403308885,0.045,5523.0701175,0.4839984744777582,5377.792270317121,5339.812870546259,37.979399770862074,0.007062266049302511
BTC-19JUN26-69000-C,call,62938.81,69000.0,0.030545403308885,0.045,346.16345499999994,0.4607035291152699,303.5035190270746,236.40587617950396,67.09764284757065,0.22107698475016718
BTC-19JUN26-69000-P,put,62938.81,69000.0,0.030545403308885,0.045,6388.289215,0.4905908494486717,6269.915195123482,6165.501023538746,104.41417158473541,0.016653203167077135
BTC-19JUN26-70000-C,call,62938.81,70000.0,0.030545403308885,0.045,242.3144185,0.461266044948204,231.74783725691304,158.18658839344565,73.5612488634674,0.31741935430412765
BTC-19JUN26-70000-P,put,62939.22,70000.0,0.030545403308885,0.045,7285.214714999994,0.498337869613269,7196.403177838089,7157.9717098884275,38.431467949661055,0.005340371710692072
BTC-19JUN26-71000-C,call,62940.44,71000.0,0.030545403308885,0.045,169.939188,0.4637848331430004,187.97731177630612,106.41699659354848,81.56031518275765,0.4338838257236852
BTC-19JUN26-71000-P,put,62942.92,71000.0,0.030545403308885,0.045,8229.78679,0.5199888750551789,8147.630008970067,8056.614190997414,91.01581797265317,0.011170833465983365
BTC-19JUN26-72000-C,call,62942.92,72000.0,0.030545403308885,0.045,125.88584,0.472699355740537,164.9053499870613,65.12564288779559,99.7797070992657,0.6050725892585932
BTC-19JUN26-72000-P,put,62945.58,72000.0,0.030545403308885,0.045,9190.05468,0.5438403679723277,9120.478277231392,9021.52533221916,98.9529450122318,0.010849534641101069
BTC-19JUN26-73000-C,call,62952.22,73000.0,0.030545403308885,0.045,94.42833,0.4822342920156201,156.8905516704025,47.452471674032736,109.43807999636975,0.6975441084959568
BTC-19JUN26-73000-P,put,62952.38,73000.0,0.030545403308885,0.045,10166.80937,0.5757112667166453,10104.238631013744,9967.855245537643,136.38338547610147,0.013497640985782846
BTC-19JUN26-74000-C,call,62952.38,74000.0,0.030545403308885,0.045,78.69047499999999,0.5008802942338753,159.5541348601076,25.17469135724797,134.37944350285963,0.8422184960651731
BTC-19JUN26-74000-P,put,62956.02,74000.0,0.030545403308885,0.045,11127.476534999998,0.5923320436504056,11101.867309097266,10981.589231658703,120.27807743856283,0.010834040264560061
BTC-19JUN26-75000-C,call,62958.34,75000.0,0.030545403308885,0.045,62.95834,0.51458583183835,169.87010112873133,12.973721252774777,156.89637987595657,0.9236256341370929
BTC-19JUN26-75000-P,put,62958.32,75000.0,0.030545403308885,0.045,12056.51828,0.5750860214774066,12108.530449698119,11959.675243299132,148.8552063989864,0.012293416366037842
BTC-19JUN26-76000-C,call,62964.32,76000.0,0.030545403308885,0.045,50.3714559999937,0.5274511498905797,185.65040726290732,8.369827322854055,177.28057994005326,0.9549161919639573
BTC-19JUN26-76000-P,put,62963.88,76000.0,0.030545403308885,0.045,13096.487039999998,0.650538724741412,13117.385200197263,12968.715677416436,148.6695227808268,0.011333777312462478
BTC-19JUN26-77000-C,call,62964.58,77000.0,0.030545403308885,0.045,44.075206,0.546913299049594,205.55255374684725,4.349383066312925,201.20317068053433,0.9788405301367868
BTC-19JUN26-77000-P,put,62966.59,77000.0,0.030545403308885,0.045,14277.6742825,0.8091842584696954,14133.1490033124,13897.780452645855,235.36855066654425,0.01665365238924324
BTC-19JUN26-78000-C,call,62973.2,78000.0,0.030545403308885,0.045,37.78392,0.563428137313466,228.28136700084144,3.0285521756785685,225.2528148251629,0.9867332484667161
BTC-19JUN26-78000-P,put,62973.2,78000.0,0.030545403308885,0.045,15271.000999999998,0.8477379202239971,15147.940653022873,14930.39267755532,217.54797546755435,0.01436155451428582
BTC-19JUN26-80000-C,call,62982.08,80000.0,0.030545403308885,0.045,31.49104,0.6041669999537556,280.66732688857485,0.8081228999852719,279.85920398858957,0.9971207090296402
BTC-19JUN26-85000-C,call,62979.42,85000.0,0.030545403308885,0.045,22.042797,0.7018987299615674,440.8590453419797,0.047690569978954975,440.81135477200075,0.9998918235420531
BTC-26JUN26-45000-P,put,62998.32,45000.0,0.0497234855006659,0.045,103.947228,0.7987062334307156,419.67583034093695,0.0,419.67583034093695,1.0
BTC-26JUN26-50000-C,call,62997.58,50000.0,0.0497234855006659,0.045,13229.4918,0.5973971876257042,13343.92200286041,13141.505491757785,202.416511102625,0.015169191715841482
BTC-26JUN26-50000-P,put,62997.14,50000.0,0.0497234855006659,0.045,239.389132,0.6876940152930505,234.5789143793445,9.318567732256971,225.26034664708752,0.9602753395081893
BTC-26JUN26-54000-P,put,63001.43,54000.0,0.0497234855006659,0.045,381.1586515,0.5665362456751245,221.41570688626962,106.34029175358494,115.07541513268468,0.5197256181639963
BTC-26JUN26-55000-C,call,63005.02,55000.0,0.0497234855006659,0.045,8552.931465,0.5337286046934345,8391.122667694268,8255.90152760818,135.22114008608878,0.016114785284535135
BTC-26JUN26-55000-P,put,63004.96,55000.0,0.0497234855006659,0.045,598.54712,0.5945366728548587,263.1772894494352,162.59497927755294,100.58231017188226,0.38218461168248846
BTC-26JUN26-56000-P,put,63005.14,56000.0,0.0497234855006659,0.045,945.0771,0.6403075727077397,335.20665058221493,249.59516501997592,85.61148556223901,0.2553991259228951
BTC-26JUN26-58000-C,call,63007.7,58000.0,0.0497234855006659,0.045,6048.7392,0.5120203897597254,5737.486696154709,5671.56882530747,65.91787084723819,0.011488980164680238
BTC-26JUN26-58000-P,put,63013.46,58000.0,0.0497234855006659,0.045,1055.475455,0.547162302138082,599.2504459197298,526.4471209830474,72.80332493668243,0.1214906479125666
BTC-26JUN26-59000-C,call,63015.71,59000.0,0.0497234855006659,0.045,5261.811785,0.4976561332845868,4954.691342346836,4908.238088253824,46.45325409301222,0.00937561008008406
BTC-26JUN26-59000-P,put,63017.26,59000.0,0.0497234855006659,0.045,1276.099515,0.5334131949585815,806.7888267986709,752.3369250432047,54.451901755466224,0.06749213666174675
BTC-26JUN26-60000-C,call,63023.18,60000.0,0.0497234855006659,0.045,4553.424755,0.4914941663642124,4230.53624840478,4181.262321917169,49.27392648761088,0.011647205837366536
BTC-26JUN26-60000-P,put,63024.35,60000.0,0.0497234855006659,0.045,1528.3404875,0.518461303187158,1072.9392036764839,1019.873800991922,53.06540268456183,0.04945797721131857
BTC-26JUN26-61000-C,call,63024.67,61000.0,0.0497234855006659,0.045,3844.50487,0.4763840805820405,3566.730072531267,3544.363591051704,22.366481479562935,0.00627086463643987
BTC-26JUN26-61000-P,put,63025.22,61000.0,0.0497234855006659,0.045,1843.4876849999937,0.5070154324297769,1405.5386789394906,1366.7603969695942,38.7782819698964,0.027589622790854428
BTC-26JUN26-62000-C,call,63025.22,62000.0,0.0497234855006659,0.045,3214.28622,0.4666404400962452,2971.0294389226183,2927.4651274457788,43.56431147683952,0.014663035951820527
BTC-26JUN26-62000-P,put,63024.87,62000.0,0.0497234855006659,0.045,2205.8704500000003,0.4950535753145558,1807.3763789201257,1771.3158111100142,36.06056781011148,0.01995188618745643
BTC-26JUN26-63000-C,call,63023.33,63000.0,0.0497234855006659,0.045,2646.9798600000004,0.4581349477517684,2444.4290504108067,2362.439688949456,81.98936146135065,0.03354131364441593
BTC-26JUN26-63000-P,put,63023.35,63000.0,0.0497234855006659,0.045,2615.469025,0.4818634222547862,2280.281137743572,2243.4378770854355,36.84326065813639,0.016157332553561464
BTC-26JUN26-64000-C,call,63032.4,64000.0,0.0497234855006659,0.045,2143.1016000000004,0.4491778063371528,1993.1410180751554,1960.523669343266,32.61734873188948,0.01636479729035388
BTC-26JUN26-64000-P,put,63032.66,64000.0,0.0497234855006659,0.045,3120.1166700000003,0.4764670017374472,2817.557027158138,2752.745184987428,64.8118421707104,0.02300285018049176
BTC-26JUN26-65000-C,call,63033.2,65000.0,0.0497234855006659,0.045,1701.8964,0.4411249624149677,1605.0242835112767,1556.0398773663812,48.9844061448955,0.030519417461855082
BTC-26JUN26-65000-P,put,63033.49,65000.0,0.0497234855006659,0.045,3671.7007924999934,0.4683117439701315,3426.3694928369296,3329.9018708088347,96.46762202809487,0.02815447143974616
BTC-26JUN26-66000-C,call,63033.49,66000.0,0.0497234855006659,0.045,1339.4616624999935,0.4363653079017217,1280.2982953651335,1226.2741241912224,54.0241711739111,0.04219655010827279
BTC-26JUN26-66000-P,put,63034.6,66000.0,0.0497234855006659,0.045,4333.62875,0.4701144991889532,4098.549707099628,4052.520545096609,46.02916200301888,0.011230597477758002
BTC-26JUN26-67000-C,call,63032.68,67000.0,0.0497234855006659,0.045,1040.03922,0.4327733236967059,1013.6538226428529,943.3527776112409,70.30104503161203,0.06935409649846666
BTC-26JUN26-67000-P,put,63030.71,67000.0,0.0497234855006659,0.045,5058.2144775,0.4737034330500158,4832.66276377366,4834.711903625483,2.049139851822474,0.00042401879708700617
BTC-26JUN26-68000-C,call,63030.98,68000.0,0.0497234855006659,0.045,787.8872500000001,0.4279839468411362,799.2368417826347,736.6417219308771,62.595119851757545,0.07831861167979202
BTC-26JUN26-68000-P,put,63032.0,68000.0,0.0497234855006659,0.045,5830.46,0.4787997447456161,5615.475054892449,5571.237230084373,44.237824808076766,0.007877841923549251
BTC-26JUN26-70000-C,call,63032.0,70000.0,0.0497234855006659,0.045,456.98199999999366,0.4283187634268197,502.4455116375593,409.2233246430723,93.222186994487,0.18553690865037148
BTC-26JUN26-70000-P,put,63028.37,70000.0,0.0497234855006659,0.045,7500.37603,0.4924205695718617,7317.144301425804,7254.030456060064,63.11384536573951,0.00862547501672767
BTC-26JUN26-72000-C,call,63028.37,72000.0,0.0497234855006659,0.045,261.5677355,0.4325847846579453,338.0194483035111,236.77671415642166,101.24273414708946,0.2995174823674127
BTC-26JUN26-72000-P,put,63028.18,72000.0,0.0497234855006659,0.045,9249.385415,0.4982385128885804,9148.902198474076,8950.708688464532,198.1935100095434,0.021663091998360157
BTC-26JUN26-74000-C,call,63027.02,74000.0,0.0497234855006659,0.045,160.71890100000002,0.4459650997099461,263.6025737200039,117.33015248062597,146.2724212393779,0.55489754585912
BTC-26JUN26-74000-P,put,63026.38,74000.0,0.0497234855006659,0.045,11155.66926,0.534167577398131,11071.810290902758,10905.901377188773,165.90891371398538,0.01498480459426818
BTC-26JUN26-75000-C,call,63026.16,75000.0,0.0497234855006659,0.045,129.203628,0.4546532144964191,249.44529020217806,84.64844666237441,164.79684353980366,0.6606532574988049
BTC-26JUN26-75000-P,put,63027.96,75000.0,0.0497234855006659,0.045,12148.63929,0.5651606174011773,12053.880721701185,11870.572305978492,183.3084157226931,0.015207419083936519
BTC-26JUN26-76000-C,call,63030.8,76000.0,0.0497234855006659,0.045,107.15236,0.465359110690952,246.4035792128742,56.50218515581616,189.90139405705804,0.7706925145474347
BTC-26JUN26-76000-P,put,63030.8,76000.0,0.0497234855006659,0.045,13094.6487,0.5747854041648325,13045.739370083771,12824.6049846788,221.1343854049719,0.016950697781995618
BTC-26JUN26-78000-C,call,63033.54,78000.0,0.0497234855006659,0.045,78.791925,0.4905318373785282,264.255780494361,26.03071535787494,238.22506513648602,0.901494244291733
BTC-26JUN26-78000-P,put,63041.19,78000.0,0.0497234855006659,0.045,15051.0841125,0.619167582063209,15048.620152434902,14782.727681668723,265.89247076617903,0.017668893763868244
BTC-26JUN26-80000-C,call,63048.36,80000.0,0.0497234855006659,0.045,56.743524,0.5110788624556372,303.29100058536824,13.12411716809314,290.1668834172751,0.9567276406396401
BTC-26JUN26-80000-P,put,63049.72,80000.0,0.0497234855006659,0.045,17054.94926,0.6835012173397179,17074.7325080078,16763.656826633076,311.0756813747248,0.018218480507898725
BTC-26JUN26-82000-C,call,63048.66,82000.0,0.0497234855006659,0.045,47.286495,0.5409054056344873,356.2380298003087,7.384157092979494,348.85387270732923,0.9792718450157646
BTC-26JUN26-82000-P,put,63047.74,82000.0,0.0497234855006659,0.045,19040.41748,0.7305182387493094,19125.253080284594,18818.1431062725,307.10997401209534,0.016057825364344167
BTC-26JUN26-84000-C,call,63047.74,84000.0,0.0497234855006659,0.045,37.828644,0.5653434852053945,418.5937274491421,3.9241159246192177,414.66961152452285,0.99062547843578
BTC-26JUN26-84000-P,put,63037.16,84000.0,0.0497234855006659,0.045,21022.892860000004,0.7678109245795859,21194.085120694363,20758.321049348895,435.7640713454675,0.020560645522744368
BTC-26JUN26-85000-C,call,63023.5,85000.0,0.0497234855006659,0.045,37.8141,0.5858803759753961,453.46849872472467,1.1656565673204642,452.3028421574042,0.9974294651765258
BTC-26JUN26-85000-P,put,63020.53,85000.0,0.0497234855006659,0.045,21994.16497,0.7642172879537226,22243.076762335913,21779.808419681904,463.26834265400976,0.020827529734486178
BTC-26JUN26-86000-C,call,63030.08,86000.0,0.0497234855006659,0.045,37.818048,0.6052580509302058,488.7466978300481,0.9531281447166876,487.7935696853314,0.9980498525126648
BTC-26JUN26-86000-P,put,63030.64,86000.0,0.0497234855006659,0.045,22990.42594,0.7935101850791929,23265.868548797967,22834.021399879908,431.84714891805925,0.018561402425716477
BTC-26JUN26-88000-C,call,63038.29,88000.0,0.0497234855006659,0.045,31.519145,0.6285420456116259,563.7717002493225,0.13173268692434398,563.6399675623982,0.9997663368223945
BTC-26JUN26-90000-C,call,63038.64,90000.0,0.0497234855006659,0.045,25.215455999993697,0.6472637669178342,644.4158157461331,0.0,644.4158157461331,1.0
BTC-26JUN26-92000-C,call,63038.2,92000.0,0.0497234855006659,0.045,22.06337,0.6714026498366867,730.0397418006507,0.0,730.0397418006507,1.0
BTC-26JUN26-94000-C,call,63038.72,94000.0,0.0497234855006659,0.045,25.215487999993695,0.7153044739505854,820.3241119964564,0.0,820.3241119964564,1.0
BTC-26JUN26-95000-C,call,63037.77,95000.0,0.0497234855006659,0.045,18.911331,0.7086032699643873,867.2464540082308,0.0,867.2464540082308,1.0
BTC-31JUL26-48000-C,call,63231.66,48000.0,0.14561389645957,0.045,15776.29917,0.4650150257600611,16036.30957112721,15703.609655590719,332.699915536492,0.020746663318068268
BTC-31JUL26-48000-P,put,63231.18,48000.0,0.14561389645957,0.045,600.69621,0.585263128728366,491.1500211504681,114.11146017523701,377.03856097523106,0.7676647556525749
BTC-31JUL26-50000-C,call,63232.27,50000.0,0.14561389645957,0.045,14132.412345,0.5130780826006741,14094.780057803655,13810.644798199273,284.13525960438164,0.02015889985080459
BTC-31JUL26-50000-P,put,63231.62,50000.0,0.14561389645957,0.045,774.587345,0.5605087089227021,535.9655507363859,252.1860321399868,283.77951859639916,0.5294734301607675
BTC-31JUL26-52000-C,call,63232.41,52000.0,0.14561389645957,0.045,12235.471335,0.4696850106411714,12235.590759122882,11927.926190700815,307.66456842206753,0.025145052207035626
BTC-31JUL26-52000-P,put,63232.41,52000.0,0.14561389645957,0.045,1011.71856,0.5395677014291723,663.5581664053461,427.66092596530774,235.8972404400384,0.35550348467256515
BTC-31JUL26-54000-C,call,63232.34,54000.0,0.14561389645957,0.045,10512.376525,0.4546625092718155,10482.16601098288,10325.200673566516,156.9653374163645,0.01497451359307811
BTC-31JUL26-54000-P,put,63232.77,54000.0,0.14561389645957,0.045,1327.8881699999936,0.5217326582096768,897.093084987755,697.9039570016374,199.18912798611757,0.22203841643572186
BTC-31JUL26-55000-C,call,63233.02,55000.0,0.14561389645957,0.045,9706.26857,0.4512045434360482,9652.9492488272,9425.442133247125,227.50711558007606,0.023568663805801877
BTC-31JUL26-55000-P,put,63233.02,55000.0,0.14561389645957,0.045,1501.784225,0.5109761702149626,1060.713044991353,888.0721505643086,172.64089442704437,0.1627592827694994
BTC-31JUL26-56000-C,call,63232.0,56000.0,0.14561389645957,0.045,8899.903999999999,0.443905964669385,8857.027604093739,8616.166733327731,240.8608707660078,0.027194323144559395
BTC-31JUL26-56000-P,put,63232.52,56000.0,0.14561389645957,0.045,1707.27804,0.5019078921479155,1259.1908128803043,1088.5505000798319,170.64031280047243,0.1355158495876773
BTC-31JUL26-57000-C,call,63232.52,57000.0,0.14561389645957,0.045,8172.80321,0.4438436858051864,8099.42703563354,8022.15541835753,77.27161727601015,0.009540380688171226
BTC-31JUL26-57000-P,put,63232.68,57000.0,0.14561389645957,0.045,1960.21308,0.4961080655618068,1494.5954815242803,1347.1528249856383,147.44265653864204,0.09865054348235482
BTC-31JUL26-58000-C,call,63235.53,58000.0,0.14561389645957,0.045,7445.983657499999,0.4391538227095714,7382.64473303414,7245.061378982383,137.58335405175694,0.018636052394087308
BTC-31JUL26-58000-P,put,63235.61,58000.0,0.14561389645957,0.045,2213.2463500000003,0.4870505716203198,1768.2855587272643,1620.0800605878924,148.2054981393719,0.08381310213608477
BTC-31JUL26-59000-C,call,63235.61,59000.0,0.14561389645957,0.045,6718.7835625,0.4308680649935039,6704.032509958066,6606.056301640122,97.97620831794393,0.014614518675500393
BTC-31JUL26-59000-P,put,63236.18,59000.0,0.14561389645957,0.045,2529.4472,0.4823008695106872,2082.9218719650817,1977.5806182258216,105.34125373926008,0.05057379019208169
BTC-31JUL26-60000-C,call,63238.24,60000.0,0.14561389645957,0.045,6070.87104,0.4279732942622505,6068.764754250551,5910.112111851694,158.6526423988571,0.02614249337770707
BTC-31JUL26-60000-P,put,63238.33,60000.0,0.14561389645957,0.045,2845.72485,0.4741145496761136,2438.6237782791577,2317.41539994815,121.20837833100768,0.04970359897685396
BTC-31JUL26-61000-C,call,63238.33,61000.0,0.14561389645957,0.045,5454.3059625,0.4246984426180737,5473.940537313261,5431.751375702749,42.1891616105122,0.007707274370798999
BTC-31JUL26-61000-P,put,63239.62,61000.0,0.14561389645957,0.045,3225.22062,0.4695417545351776,2836.7426044522363,2724.017000404041,112.72560404819524,0.03973769205259358
BTC-31JUL26-62000-C,call,63239.48,62000.0,0.14561389645957,0.045,4885.24983,0.4224432116676735,4922.24471766733,4767.337317136347,154.90740053098307,0.031470885625612344
BTC-31JUL26-62000-P,put,63242.2,62000.0,0.14561389645957,0.045,3636.4265,0.4648570758417344,3276.7385387388786,3151.8557983609103,124.88274037796828,0.03811190270494759
BTC-31JUL26-63000-C,call,63243.31,63000.0,0.14561389645957,0.045,4332.166735,0.4176797504686238,4414.237602872858,4390.0149064805355,24.222696392322177,0.0054874020321329445
BTC-31JUL26-63000-P,put,63242.58,63000.0,0.14561389645957,0.045,4094.957055,0.4614814010086258,3759.784993076144,3593.4671057050778,166.31788737106626,0.0442360102179646
BTC-31JUL26-64000-C,call,63242.94,64000.0,0.14561389645957,0.045,3826.19787,0.4141079504877964,3945.4228178349185,3805.812712151137,139.6101056837815,0.035385334381067335
BTC-31JUL26-64000-P,put,63242.94,64000.0,0.14561389645957,0.045,4585.11315,0.4577736467160065,4284.485780644114,4185.5761668960995,98.90961374801464,0.023085527368267966
BTC-31JUL26-65000-C,call,63243.62,65000.0,0.14561389645957,0.045,3351.91186,0.4097609675967804,3517.831765455234,3432.772251236045,85.05951421918871,0.024179528724046693
BTC-31JUL26-65000-P,put,63244.46,65000.0,0.14561389645957,0.045,5106.990145,0.4538083081345062,4849.242504973772,4786.075548496555,63.166956477217354,0.01302614922071401
BTC-31JUL26-66000-C,call,63244.32,66000.0,0.14561389645957,0.045,2940.86088,0.4080122899727341,3129.584667215906,3008.9711295212587,120.61353769464722,0.03853979058567718
BTC-31JUL26-66000-P,put,63243.61,66000.0,0.14561389645957,0.045,5676.1139975,0.4510339655434526,5454.6064049692795,5308.391158925366,146.2152460439138,0.02680582890650151
BTC-31JUL26-67000-C,call,63244.2,67000.0,0.14561389645957,0.045,2545.57905,0.4040016652360089,2778.770363393709,2615.9580844921834,162.8122789015256,0.0585914838614743
BTC-31JUL26-67000-P,put,63243.76,67000.0,0.14561389645957,0.045,6340.1869400000005,0.4547920054313893,6097.245426594622,6006.946608547169,90.2988180474531,0.014809772566082513
BTC-31JUL26-68000-C,call,63241.22,68000.0,0.14561389645957,0.045,2197.632395,0.4012310479397651,2462.9527020481582,2386.3422927800393,76.61040926811893,0.03110510778563094
BTC-31JUL26-68000-P,put,63237.06,68000.0,0.14561389645957,0.045,7003.504395,0.4547125660226805,6780.279444904663,6603.4653649558595,176.81407994880374,0.026077698033770334
BTC-31JUL26-69000-C,call,63237.06,69000.0,0.14561389645957,0.045,1897.1118,0.3998885147503028,2181.012580810293,2059.077802570894,121.93477823939884,0.05590741626721724
BTC-31JUL26-69000-P,put,63235.32,69000.0,0.14561389645957,0.045,7698.90021,0.4551590306538209,7494.478119317217,7352.4526747902255,142.02544452699112,0.018950678388254514
BTC-31JUL26-70000-C,call,63235.66,70000.0,0.14561389645957,0.045,1628.318245,0.398338521639878,1932.1050570669322,1784.4318411615996,147.67321590533265,0.07643125582907521
BTC-31JUL26-70000-P,put,63236.66,70000.0,0.14561389645957,0.045,8426.284945000001,0.4562769596749506,8238.549515576888,8090.704242793531,147.84527278335645,0.01794554642219734
BTC-31JUL26-71000-C,call,63236.66,71000.0,0.14561389645957,0.045,1375.397355,0.394827955117452,1713.6906957617084,1599.7509216101705,113.9397741515379,0.06648794583137622
BTC-31JUL26-71000-P,put,63240.74,71000.0,0.14561389645957,0.045,9201.52767,0.4602698488772343,9010.283053643383,8853.536274612932,156.74677903045085,0.01739643228711544
BTC-31JUL26-72000-C,call,63240.34,72000.0,0.14561389645957,0.045,1185.756375,0.3957603036555612,1523.423870142491,1339.5496198303838,183.87425031210728,0.12069802365306832
BTC-31JUL26-72000-P,put,63240.34,72000.0,0.14561389645957,0.045,9976.163635,0.4610565987749337,9812.837203302828,9620.054702626821,192.78250067600675,0.019645949146197956
BTC-31JUL26-73000-C,call,63233.42,73000.0,0.14561389645957,0.045,995.926365,0.3935416616355006,1356.2705334214752,1197.0869202664212,159.183613155054,0.11736862906951177
BTC-31JUL26-73000-P,put,63236.19,73000.0,0.14561389645957,0.045,10829.197537500002,0.4688223690073833,10643.853347284487,10327.924932779491,315.9284145049951,0.02968177070812389
BTC-31JUL26-74000-C,call,63236.51,74000.0,0.14561389645957,0.045,869.5020125,0.3971786940767282,1214.5103773681585,977.2635933696965,237.24678399846198,0.19534356265656228
BTC-31JUL26-74000-P,put,63236.51,74000.0,0.14561389645957,0.045,11682.9452225,0.475020383013134,11494.691303116291,11324.064432773712,170.62687034257942,0.014843971520689841
BTC-31JUL26-75000-C,call,63239.84,75000.0,0.14561389645957,0.045,743.0681199999999,0.3980201927297693,1093.867424979384,889.5729161918501,204.2945087875338,0.18676349996562347
BTC-31JUL26-75000-P,put,63239.96,75000.0,0.14561389645957,0.045,12537.32207,0.4795516369477133,12364.085057399549,12117.775281837561,246.3097755619874,0.019921391224543387
BTC-31JUL26-76000-C,call,63239.8,76000.0,0.14561389645957,0.045,616.5880500000001,0.3957560604004935,991.9143974538074,729.3340798524282,262.5803176013792,0.2647207443257293
BTC-31JUL26-76000-P,put,63239.8,76000.0,0.14561389645957,0.045,13391.02765,0.4813927168895417,13255.742915789713,13015.880251489154,239.86266430055912,0.018094999716299888
BTC-31JUL26-77000-C,call,63238.19,77000.0,0.14561389645957,0.045,521.7150675,0.3963478826643763,907.2024460954726,643.6402636840622,263.5621824114104,0.29052190450517534
BTC-31JUL26-77000-P,put,63237.29,77000.0,0.14561389645957,0.045,14354.86483,0.4980910814439502,14166.913139468357,13891.625726353494,275.28741311486374,0.019431714615933227
BTC-31JUL26-78000-C,call,63232.47,78000.0,0.14561389645957,0.045,458.4354074999937,0.4011951914186182,837.8456904387158,555.5553163178903,282.2903741208255,0.33692406291785254
BTC-31JUL26-78000-P,put,63229.83,78000.0,0.14561389645957,0.045,15270.003945,0.5053439947236368,15098.34671926315,14791.115828603391,307.2308906597591,0.020348644548464377
BTC-31JUL26-79000-C,call,63229.83,79000.0,0.14561389645957,0.045,395.1864375,0.4038609733759454,782.941359611199,484.87999656858983,298.0613630426092,0.38069436412277863
BTC-31JUL26-79000-P,put,63228.96,79000.0,0.14561389645957,0.045,16154.99928,0.506785940811164,16037.953147768952,15720.047128247676,317.9060195212769,0.01982210676089305
BTC-31JUL26-80000-C,call,63229.83,80000.0,0.14561389645957,0.045,331.95660749999365,0.4040340882811321,740.8069302751765,391.37577532097714,349.4311549541993,0.47168991092510615
BTC-31JUL26-80000-P,put,63228.96,80000.0,0.14561389645957,0.045,17150.8554,0.5264897490097759,16989.300455350844,16558.01066910156,431.28978624928277,0.025385964971468052
BTC-31JUL26-81000-C,call,63228.35,81000.0,0.14561389645957,0.045,303.49607999999995,0.4120153755975767,709.778972745265,324.2340822244236,385.5448905208414,0.5431900708887454
BTC-31JUL26-81000-P,put,63228.35,81000.0,0.14561389645957,0.045,18067.501012499997,0.531043964375686,17952.40147255065,17618.806752973007,333.59471957764254,0.01858217799371918
BTC-31JUL26-82000-C,call,63223.79,82000.0,0.14561389645957,0.045,265.539918,0.4157994871536069,688.622504566707,289.3070417733506,399.3154627933564,0.5798757085997538
BTC-31JUL26-82000-P,put,63222.95,82000.0,0.14561389645957,0.045,19077.525162499995,0.5514501492551476,18930.086818841097,18529.072828398643,401.0139904424541,0.02118394882602045
BTC-31JUL26-83000-C,call,63222.95,83000.0,0.14561389645957,0.045,233.924915,0.4199443746997039,676.46107350644,231.58047196643943,444.8806015400006,0.6576588350220351
BTC-31JUL26-83000-P,put,63223.84,83000.0,0.14561389645957,0.045,20057.76324,0.5668040998194769,19910.550125157926,19504.463247856856,406.08687730106976,0.020395562892456684
BTC-31JUL26-84000-C,call,63224.03,84000.0,0.14561389645957,0.045,208.639299,0.4248943585047737,672.1493612582549,185.1279090230111,487.02145223524377,0.7245732575324418
BTC-31JUL26-84000-P,put,63223.83,84000.0,0.14561389645957,0.045,21037.7294325,0.5814727802964301,20899.695928637724,20441.70518451921,457.99074411851325,0.02191375155324405
BTC-31JUL26-85000-C,call,63217.94,85000.0,0.14561389645957,0.045,189.65382,0.4312906064133248,674.7164808870752,151.9668400277648,522.7496408593105,0.7747693374438279
BTC-31JUL26-85000-P,put,63211.04,85000.0,0.14561389645957,0.045,23293.26824,0.8038942972337173,21908.50480475167,21424.062203017613,484.44260173405564,0.02211207958057395
BTC-31JUL26-86000-C,call,63217.42,86000.0,0.14561389645957,0.045,170.687034,0.4365188178582753,683.4789123912781,137.1124203830036,546.3664920082745,0.7993904158603953
BTC-31JUL26-86000-P,put,63217.3,86000.0,0.14561389645957,0.045,24006.769675,0.7825696145633465,22904.495987505084,22393.349718490084,511.14626901500014,0.02231641636182878
BTC-31JUL26-87000-C,call,63217.8,87000.0,0.14561389645957,0.045,158.0445,0.4437020489134828,697.6615631989347,111.70263776780669,585.958925431128,0.8398899356650451
BTC-31JUL26-88000-C,call,63219.42,88000.0,0.14561389645957,0.045,145.404666,0.4500916545522109,716.62588861488,99.86098874264653,616.7648998722334,0.8606511565809304
BTC-31JUL26-88000-P,put,63214.2,88000.0,0.14561389645957,0.045,25854.6078,0.796665655321168,24927.77497058823,24322.83348584334,604.9414847448897,0.024267769002995564
BTC-31JUL26-89000-C,call,63214.2,89000.0,0.14561389645957,0.045,132.74982,0.4557775830547862,740.0061235679931,87.00325079432375,653.0028727736693,0.8824290123778553
BTC-31JUL26-89000-P,put,63209.72,89000.0,0.14561389645957,0.045,26895.73586,0.8209602916707983,25949.11593757721,25322.90012453266,626.2158130445496,0.02413245270285757
BTC-31JUL26-90000-C,call,63209.72,90000.0,0.14561389645957,0.045,120.09846799999367,0.4605550980395019,767.220572870202,70.71538264565868,696.5051902245433,0.9078291365661512
BTC-31JUL26-90000-P,put,63207.8,90000.0,0.14561389645957,0.045,27116.1462,0.7000160643826244,26971.667858340254,26355.559486462433,616.1083718778209,0.022842798417722104
BTC-31JUL26-91000-C,call,63207.8,91000.0,0.14561389645957,0.045,113.77404,0.4684644640267058,797.7816172109156,56.87553095253254,740.906086258383,0.928707894835466
BTC-31JUL26-91000-P,put,63205.58,91000.0,0.14561389645957,0.045,28110.681705,0.7151729995986713,27997.93659906386,27242.60839295052,755.3282061133432,0.026977995447657322
BTC-31JUL26-92000-C,call,63205.58,92000.0,0.14561389645957,0.045,104.289207,0.4737281041594043,831.4053260102698,51.8402073401426,779.5651186701273,0.9376474918811114
BTC-31JUL26-92000-P,put,63206.26,92000.0,0.14561389645957,0.045,29122.284295,0.7341473377070958,29024.248927791217,28308.80703476552,715.4418930256979,0.024649798684046223
BTC-31JUL26-93000-C,call,63210.02,93000.0,0.14561389645957,0.045,97.975531,0.4804483749552078,867.4980439137574,41.90492347492647,825.593120438831,0.9516945037871549
BTC-31JUL26-93000-P,put,63210.02,93000.0,0.14561389645957,0.045,30103.772025,0.7471739793958432,30050.076099245875,29138.509414301872,911.5666849440022,0.030334921014289164
BTC-31JUL26-94000-C,call,63210.73,94000.0,0.14561389645957,0.045,91.6555585,0.4867149960904509,906.1917426579998,38.646687225764516,867.5450554322354,0.9573526380714883
BTC-31JUL26-94000-P,put,63210.25,94000.0,0.14561389645957,0.045,31099.443,0.7622645525295455,31082.030178134257,30082.968300066867,999.0618780673904,0.03214274847368932
BTC-31JUL26-95000-C,call,63210.25,95000.0,0.14561389645957,0.045,85.3338375,0.4924596210328646,947.1762392154508,29.289287140591853,917.886952074859,0.9690772572960105
BTC-31JUL26-95000-P,put,63211.21,95000.0,0.14561389645957,0.045,32079.689075,0.7739426402564749,32115.455655958205,31252.219955673416,863.2357002847893,0.026879136000196775
BTC-31JUL26-96000-C,call,63211.11,96000.0,0.14561389645957,0.045,82.174443,0.5003778402549405,990.1377355421046,21.001414020370362,969.1363215217342,0.9787894014473936
BTC-31JUL26-96000-P,put,63211.11,96000.0,0.14561389645957,0.045,33075.2133075,0.7884542043577119,33152.032179755886,32195.4497397057,956.5824400501879,0.028854413354313765
BTC-31JUL26-98000-C,call,63211.44,98000.0,0.14561389645957,0.045,72.693156,0.5123197656131473,1081.6051187487258,10.130537664470305,1071.4745810842555,0.9906337927873438
BTC-31JUL26-98000-P,put,63211.44,98000.0,0.14561389645957,0.045,35066.54634,0.816999321915667,35230.1071555503,34184.592763121866,1045.5143924284348,0.029676730411639412
BTC-31JUL26-100000-C,call,63211.81,100000.0,0.14561389645957,0.045,66.3724005,0.5257698431855549,1179.512414060128,11.722758116758062,1167.78965594337,0.990061352490216
BTC-31JUL26-100000-P,put,63212.17,100000.0,0.14561389645957,0.045,37058.13466249999,0.8448736441579666,37314.200038554976,36039.23030402201,1274.9697345329696,0.034168486346098925
BTC-31JUL26-102000-C,call,63212.08,102000.0,0.14561389645957,0.045,63.21208,0.5415132489925479,1283.0752427297566,7.226172326755572,1275.849070403001,0.9943680837365532
BTC-31JUL26-102000-P,put,63212.08,102000.0,0.14561389645957,0.045,39080.86846,0.8788599221114834,39404.812464706905,38097.604156318426,1307.208308388479,0.03317382387136815
BTC-31JUL26-104000-C,call,63213.54,104000.0,0.14561389645957,0.045,56.892186,0.5526231396769696,1391.6193551247263,5.055574903888599,1386.5637802208378,0.9963671280618001
BTC-31JUL26-104000-P,put,63213.63,104000.0,0.14561389645957,0.045,41073.0560925,0.905659170144346,41498.73793189618,40114.68646684944,1384.0514650467449,0.03335165197838353
BTC-31JUL26-105000-C,call,63215.99,105000.0,0.14561389645957,0.045,56.894391,0.5616466055227001,1447.5235167258895,1.888197105866841,1445.6353196200228,0.9986955672332443
BTC-31JUL26-105000-P,put,63216.13,105000.0,0.14561389645957,0.045,42054.5304825,0.9158176119165842,42545.60716324369,41128.97029580984,1416.6368674338446,0.033296900946749586
BTC-31JUL26-106000-C,call,63216.17,106000.0,0.14561389645957,0.045,47.4121275,0.5578546423655042,1504.6964037424975,4.1326029415419505,1500.5638008009555,0.9972535303924012
BTC-31JUL26-108000-C,call,63215.64,108000.0,0.14561389645957,0.045,50.57251199999367,0.5796778351974644,1622.2964695080273,1.5384488361921325,1620.758020671835,0.9990516845317067
BTC-31JUL26-110000-C,call,63213.69,110000.0,0.14561389645957,0.045,47.4102675,0.5920592828396796,1744.0603740010588,0.4477792736293196,1743.6125947274295,0.99974325471738
BTC-31JUL26-115000-C,call,63213.56,115000.0,0.14561389645957,0.045,34.767458,0.6104992399139871,2064.597601934175,0.009650128499135165,2064.587951805676,0.9999953259034641
BTC-31JUL26-120000-C,call,63213.26,120000.0,0.14561389645957,0.045,34.767293,0.6479124383275245,2407.0441500745305,0.8509968564860246,2406.1931532180447,0.9996464556512353
BTC-28AUG26-46000-C,call,63377.6,46000.0,0.2223262252266933,0.045,18125.9936,0.4496703867953819,18529.719880302095,17935.36691840323,594.352961898865,0.03207565822571815
BTC-28AUG26-46000-P,put,63377.6,46000.0,0.2223262252266933,0.045,744.6868,0.5672784693006625,694.1990891770183,189.99002704082187,504.20906213619645,0.7263176659219512
BTC-28AUG26-48000-C,call,63377.67,48000.0,0.2223262252266933,0.045,16335.594442499998,0.4531114330556414,16602.93238159934,16211.179660748681,391.7527208506599,0.02359539338272742
BTC-28AUG26-48000-P,put,63377.67,48000.0,0.2223262252266933,0.045,950.66505,0.5497978134523314,747.4319908601319,322.0983181822116,425.33367267792033,0.5690600320551622
BTC-28AUG26-50000-C,call,63377.09,50000.0,0.2223262252266933,0.045,14560.8864275,0.4446834786582672,14754.107816249205,14601.64511338458,152.4627028646246,0.010333576571584504
BTC-28AUG26-50000-P,put,63378.73,50000.0,0.2223262252266933,0.045,1188.3511875,0.5304618648821627,879.1864199198099,537.7317912255303,341.45462869427956,0.38837568569976716
BTC-28AUG26-52000-C,call,63386.5,52000.0,0.2223262252266933,0.045,12027.588374999994,0.2578230267829028,13008.953855667067,12795.645045394607,213.3088102724596,0.016397076401307723
BTC-28AUG26-52000-P,put,63386.5,52000.0,0.2223262252266933,0.045,1489.58275,0.5134864141696123,1104.8042656995895,787.2036215366519,317.60064416293756,0.28747231887435276
BTC-28AUG26-53000-C,call,63386.5,53000.0,0.2223262252266933,0.045,11726.5025,0.3862971842528814,12172.17653941481,11778.247957107866,393.928582306944,0.032363035569798144
BTC-28AUG26-53000-P,put,63385.81,53000.0,0.2223262252266933,0.045,1695.5704174999998,0.5091722822922407,1258.1551386338033,959.3300417119327,298.82509692187057,0.2375105324819932
BTC-28AUG26-54000-C,call,63379.35,54000.0,0.2223262252266933,0.045,11265.679462499998,0.4338600619806096,11358.443006598827,11188.212714882511,170.23029171631606,0.014987115013687938
BTC-28AUG26-54000-P,put,63379.35,54000.0,0.2223262252266933,0.045,1901.3805,0.5022980420771759,1441.533817017218,1191.0118999069512,250.52191711026694,0.17378844266632604
BTC-28AUG26-55000-C,call,63372.03,55000.0,0.2223262252266933,0.045,10503.9139725,0.4326255768923046,10575.641946551259,10367.294498962014,208.34744758924535,0.019700690382883843
BTC-28AUG26-55000-P,put,63365.25,55000.0,0.2223262252266933,0.045,2138.5771875,0.4966380244019822,1657.270677122353,1412.511622426762,244.75905469559098,0.1476880379737274
BTC-28AUG26-56000-C,call,63365.25,56000.0,0.2223262252266933,0.045,9742.4071875,0.4282967324983337,9825.718327936003,9630.73349406062,194.98483387538363,0.019844333754308045
BTC-28AUG26-56000-P,put,63364.83,56000.0,0.2223262252266933,0.045,2392.0223325,0.4907743036635851,1903.084228851185,1677.6483378888786,225.4358909623063,0.11845817833212398
BTC-28AUG26-57000-C,call,63356.72,57000.0,0.2223262252266933,0.045,9060.01096,0.4297956625305325,9107.997466983179,8925.640115409573,182.35735157360614,0.020021673505582115
BTC-28AUG26-57000-P,put,63356.72,57000.0,0.2223262252266933,0.045,2676.821419999994,0.4856783737446851,2183.853877980364,2012.3761018788343,171.47777610152957,0.07852071873055574
BTC-28AUG26-58000-C,call,63354.34,58000.0,0.2223262252266933,0.045,8362.77288,0.4261069813117804,8429.348979594193,8270.799573428207,158.5494061659865,0.018809211310363783
BTC-28AUG26-58000-P,put,63353.66,58000.0,0.2223262252266933,0.045,2977.62202,0.4799676824945096,2497.809509698942,2334.446564066183,163.36294563275897,0.06540248365554863
BTC-28AUG26-59000-C,call,63352.35,59000.0,0.2223262252266933,0.045,7697.310525,0.4227639965134684,7785.751733993566,7668.711758434171,117.0399755593944,0.015032585106507216
BTC-28AUG26-59000-P,put,63352.35,59000.0,0.2223262252266933,0.045,3310.1602875,0.475039476431488,2846.0685453766273,2703.5908941372763,142.47765123935096,0.05006121566214652
BTC-28AUG26-60000-C,call,63352.35,60000.0,0.2223262252266933,0.045,7063.787025,0.4195549545453698,7178.600728182493,7089.520126050083,89.0806021324106,0.012409187459429073
BTC-28AUG26-60000-P,put,63348.84,60000.0,0.2223262252266933,0.045,3690.069929999993,0.4720472364519421,3230.1152007264755,3040.3557725238716,189.75942820260389,0.05874695371853167
BTC-28AUG26-61000-C,call,63346.95,61000.0,0.2223262252266933,0.045,6461.388899999999,0.416755136783685,6603.087652060065,6469.198811525119,133.8888405349462,0.020276701990041716
BTC-28AUG26-61000-P,put,63346.95,61000.0,0.2223262252266933,0.045,4085.878275,0.4680960041039234,3648.8948638289876,3451.7702840620022,197.12457976698533,0.05402309113399107
BTC-28AUG26-62000-C,call,63344.4,62000.0,0.2223262252266933,0.045,5906.8653,0.4152581227415543,6064.611485224734,5843.928276234323,220.683208990411,0.036388680384236226
BTC-28AUG26-62000-P,put,63336.92,62000.0,0.2223262252266933,0.045,4512.75555,0.4642052005615691,4105.975475975807,3916.4808369722246,189.4946390035825,0.04615094272051103
BTC-28AUG26-63000-C,call,63336.92,63000.0,0.2223262252266933,0.045,5367.80397,0.4126008577082823,5558.087707679577,5484.354715130726,73.73299254885114,0.013265892232498366
BTC-28AUG26-63000-P,put,63336.92,63000.0,0.2223262252266933,0.045,4987.78245,0.4624016286184457,4594.015319834361,4450.9553158051185,143.06000402924292,0.03114051522893071
BTC-28AUG26-64000-C,call,63333.02,64000.0,0.2223262252266933,0.045,4844.97603,0.4084698055754653,5088.0123174609325,4846.1559176465,241.85639981443273,0.047534554699176945
BTC-28AUG26-64000-P,put,63335.68,64000.0,0.2223262252266933,0.045,5478.536319999999,0.4594998621341732,5116.651456322499,5005.749524369794,110.90193195270513,0.021674709113841787
BTC-28AUG26-65000-C,call,63332.83,65000.0,0.2223262252266933,0.045,4401.631685,0.4082200109401257,4653.328347288192,4459.504830451151,193.8235168370411,0.04165266286227043
BTC-28AUG26-65000-P,put,63317.48,65000.0,0.2223262252266933,0.045,6015.1606,0.4574188407243128,5681.073491751369,5464.648199619206,216.42529213216312,0.03809584446432557
BTC-28AUG26-66000-C,call,63317.13,66000.0,0.2223262252266933,0.045,3941.4913425,0.4045607081453874,4243.717795251043,4040.936162742686,202.78163250835678,0.04778395790956711
BTC-28AUG26-66000-P,put,63317.13,66000.0,0.2223262252266933,0.045,6584.981519999999,0.4564948852421124,6269.571007984625,6106.751182583418,162.8198254012068,0.025969851078143508
BTC-28AUG26-67000-C,call,63317.13,67000.0,0.2223262252266933,0.045,3545.75928,0.4030821096606887,3873.267780397702,3723.76363827065,149.5041421270521,0.038598968778683615
BTC-28AUG26-67000-P,put,63315.59,67000.0,0.2223262252266933,0.045,7170.4905675,0.4545614521467716,6890.033204742504,6695.5621750024975,194.4710297400061,0.028224977146140463
BTC-28AUG26-68000-C,call,63318.27,68000.0,0.2223262252266933,0.045,3165.9135,0.4003743776714897,3533.3726970973585,3336.9785214976614,196.39417559969706,0.055582638016372726
BTC-28AUG26-68000-P,put,63315.59,68000.0,0.2223262252266933,0.045,7819.475364999999,0.4558557639658008,7539.769276418272,7373.494500001856,166.274776416416,0.022053032436478475
BTC-28AUG26-69000-C,call,63312.02,69000.0,0.2223262252266933,0.045,2833.212895,0.3994900406378697,3219.4568270816308,3047.049513071429,172.40731401020184,0.05355167758732936
BTC-28AUG26-69000-P,put,63311.24,69000.0,0.2223262252266933,0.045,8483.70616,0.456112075630492,8221.043160798166,8003.73133932271,217.31182147545678,0.026433606687737955
BTC-28AUG26-70000-C,call,63311.24,70000.0,0.2223262252266933,0.045,2532.4496,0.3988168616474821,2935.2797769000936,2709.219588507088,226.06018839300577,0.07701486930548905
BTC-28AUG26-70000-P,put,63311.16,70000.0,0.2223262252266933,0.045,9195.94599,0.4587137886131688,8927.25614564294,8615.360302440604,311.8958432023355,0.03493748113798216
BTC-28AUG26-71000-C,call,63308.09,71000.0,0.2223262252266933,0.045,2247.4371949999995,0.3972643440474905,2676.4782799520763,2438.081545132479,238.39673481959744,0.08907105154011041
BTC-28AUG26-71000-P,put,63308.09,71000.0,0.2223262252266933,0.045,10050.1592875,0.4719549152295544,9661.597493650333,9433.741340870982,227.85615277935176,0.023583693372560836
BTC-28AUG26-72000-C,call,63304.95,72000.0,0.2223262252266933,0.045,1994.105925,0.3963268793959302,2442.5139376030274,2198.4114248974765,244.1025127055509,0.0999390459753536
BTC-28AUG26-72000-P,put,63297.78,72000.0,0.2223262252266933,0.045,10681.500375,0.4629047037840442,10425.909313819226,10293.700657006337,132.20865681288888,0.012680779472889748
BTC-28AUG26-73000-C,call,63297.76,73000.0,0.2223262252266933,0.045,1772.3372800000002,0.3963231475624195,2230.8722986347657,2006.7020879005638,224.17021073420187,0.10048545175418067
BTC-28AUG26-73000-P,put,63297.76,73000.0,0.2223262252266933,0.045,10728.97032,0.394401008736471,11206.411912718882,10968.261533633977,238.15037908490558,0.021251260522970186
BTC-28AUG26-74000-C,call,63289.05,74000.0,0.2223262252266933,0.045,1582.2262500000002,0.3974588613354796,2041.0226330481182,1812.34939045445,228.6732425936682,0.1120385628708886
BTC-28AUG26-74000-P,put,63297.78,74000.0,0.2223262252266933,0.045,11409.424845,0.382344205481994,12008.678093454044,11709.766720765358,298.91137268868624,0.024891280319323694
BTC-28AUG26-75000-C,call,63297.78,75000.0,0.2223262252266933,0.045,1392.55116,0.3961019201015961,1875.7372921709975,1546.6064354539285,329.13085671706904,0.17546745916435325
BTC-28AUG26-75000-P,put,63298.11,75000.0,0.2223262252266933,0.045,13086.8842425,0.4742193250712909,12831.088726887043,12575.703503314455,255.38522357258807,0.01990362852354363
BTC-28AUG26-76000-C,call,63294.94,76000.0,0.2223262252266933,0.045,1234.25133,0.3965001173794206,1726.8239218110466,1363.118181855454,363.70573995559266,0.21062120773387702
BTC-28AUG26-76000-P,put,63295.1,76000.0,0.2223262252266933,0.045,14273.04505,0.5138837617471907,13675.190252447494,13468.024623500858,207.16562894663548,0.01514901256379657
BTC-28AUG26-77000-C,call,63295.1,77000.0,0.2223262252266933,0.045,1107.66425,0.3987687766622911,1596.2322198195616,1294.0317681611346,302.200451658427,0.18932110748434075
BTC-28AUG26-77000-P,put,63292.21,77000.0,0.2223262252266933,0.045,15126.83819,0.5194659271615609,14537.000175215559,14130.92986553945,406.0703096761081,0.027933569841212907
BTC-28AUG26-78000-C,call,63292.21,78000.0,0.2223262252266933,0.045,981.029255,0.3993636877786697,1481.5595087671481,1131.605716291561,349.9537924755871,0.23620636930526978
BTC-28AUG26-78000-P,put,63288.86,78000.0,0.2223262252266933,0.045,15996.259364999998,0.52550706985184,15415.707617105989,15063.107634260408,352.5999828455806,0.022872773122287245
BTC-28AUG26-79000-C,call,63291.18,79000.0,0.2223262252266933,0.045,870.253725,0.4002690545118084,1382.4145742338424,1010.3138652614005,372.1007089724419,0.26916723529095204
BTC-28AUG26-79000-P,put,63291.18,79000.0,0.2223262252266933,0.045,16882.922265,0.5328289774463926,16304.80538947555,15893.283349361895,411.52204011365575,0.02523931014713525
BTC-28AUG26-80000-C,call,63295.82,80000.0,0.2223262252266933,0.045,775.373795,0.4016746145942332,1297.9810970468925,874.2253179301636,423.75577911672895,0.32647299724228557
BTC-28AUG26-80000-P,put,63300.95,80000.0,0.2223262252266933,0.045,17771.7417125,0.5401224953932872,17201.261166393786,16792.243816911883,409.0173494819028,0.023778334944475038
BTC-28AUG26-81000-C,call,63304.99,81000.0,0.2223262252266933,0.045,696.35489,0.4039213913049906,1226.7667890337416,797.812831487893,428.95395754584854,0.3496621863098467
BTC-28AUG26-81000-P,put,63304.99,81000.0,0.2223262252266933,0.045,18674.97205,0.5477147034605778,18115.43800466133,17644.986772794888,470.45123186644196,0.02596963052979392
BTC-28AUG26-82000-C,call,63305.34,82000.0,0.2223262252266933,0.045,633.0534,0.4076190203262079,1166.3552382215275,654.1802651681472,512.1749730533803,0.4391243390258622
BTC-28AUG26-82000-P,put,63305.79,82000.0,0.2223262252266933,0.045,19593.142005,0.5559802487611991,19044.31191435297,18466.436208697196,577.8757056557733,0.030343742964021217
BTC-28AUG26-83000-C,call,63305.79,83000.0,0.2223262252266933,0.045,569.75211,0.4101052242065368,1116.8371240485285,651.3026939887429,465.53443005978556,0.4168328756589195
BTC-28AUG26-83000-P,put,63303.29,83000.0,0.2223262252266933,0.045,19845.581415,0.4758315113489264,19987.10909618259,19420.70419822001,566.4048979625804,0.028338510348690702
BTC-28AUG26-84000-C,call,63298.42,84000.0,0.2223262252266933,0.045,506.38736,0.4114050813771888,1076.800339269932,536.2934566443314,540.5068826256006,0.5019564564699738
BTC-28AUG26-84000-P,put,63298.42,84000.0,0.2223262252266933,0.045,20825.180179999992,0.4881052947189708,20942.17715547631,20345.139371696645,597.0377837796659,0.02850886893694061
BTC-28AUG26-85000-C,call,63296.98,85000.0,0.2223262252266933,0.045,443.0788599999937,0.4111161594111189,1046.38457148904,448.20064993948614,598.1839215495538,0.5716673753114673
BTC-28AUG26-85000-P,put,63294.55,85000.0,0.2223262252266933,0.045,21931.561575,0.518907646560898,21905.55154402199,21385.6119747647,519.9395692572907,0.023735516004351958
BTC-28AUG26-86000-C,call,63293.06,86000.0,0.2223262252266933,0.045,411.40489,0.4164983379538488,1024.2544732591177,438.91891395685303,585.3355593022648,0.5714747404907701
BTC-28AUG26-86000-P,put,63292.99,86000.0,0.2223262252266933,0.045,22785.4764,0.5122465065105924,22875.148845248077,22201.382911017048,673.765934231029,0.029454056836486657
BTC-28AUG26-88000-C,call,63292.99,88000.0,0.2223262252266933,0.045,348.11144499999995,0.4247826117798129,1002.6262335493275,342.21895178576756,660.4072817635599,0.6586774409698996
BTC-28AUG26-88000-P,put,63293.13,88000.0,0.2223262252266933,0.045,24953.3165025,0.567673658312801,24833.476856861053,24132.579932631357,700.8969242296953,0.02822387409824371
BTC-28AUG26-90000-C,call,63293.13,90000.0,0.2223262252266933,0.045,287.9837415,0.4304850914714028,1006.501702939043,266.6041446161844,739.8975583228586,0.7351180392068042
BTC-28AUG26-90000-P,put,63286.34,90000.0,0.2223262252266933,0.045,27165.661445,0.6268749775187543,26824.1950932943,26108.082095123948,716.1129981703525,0.02669653257738837
BTC-28AUG26-92000-C,call,63281.45,92000.0,0.2223262252266933,0.045,243.6335825,0.437782830459154,1031.7315993664552,176.86932611189303,854.8622732545621,0.8285704089896041
BTC-28AUG26-92000-P,put,63281.45,92000.0,0.2223262252266933,0.045,28967.0837375,0.6260930801796262,28834.4400171163,27980.366626497183,854.0733906191163,0.029619905575143234
BTC-28AUG26-94000-C,call,63279.36,94000.0,0.2223262252266933,0.045,211.98585599999367,0.4466044136412141,1074.7810889180794,153.1890732806572,921.5920156374222,0.8574695118288098
BTC-28AUG26-94000-P,put,63276.48,94000.0,0.2223262252266933,0.045,31195.30464,0.6868924388781136,30862.609862588833,29877.563302052684,985.0465605361496,0.031917150394017955
BTC-28AUG26-95000-C,call,63276.79,95000.0,0.2223262252266933,0.045,196.158049,0.4501803009391421,1102.084736764998,127.00956180211477,975.0751749628832,0.8847551757454404
BTC-28AUG26-95000-P,put,63276.79,95000.0,0.2223262252266933,0.045,32176.247715,0.6979467875606148,31879.58875509364,30922.755689886817,956.8330652068216,0.030013971402122974
BTC-28AUG26-96000-C,call,63275.61,96000.0,0.2223262252266933,0.045,183.499269,0.4544416536253884,1132.7636344291243,121.87677580576987,1010.8868586233544,0.8924075843349334
BTC-28AUG26-96000-P,put,63279.57,96000.0,0.2223262252266933,0.045,34139.328015,0.8370069184498627,32897.41004754061,31960.456031833783,936.9540157068259,0.028481087549227055
BTC-28AUG26-98000-C,call,63279.57,98000.0,0.2223262252266933,0.045,161.36290350000002,0.462808848186415,1202.9982654662388,86.11818773473907,1116.8800777314998,0.928413705815808
BTC-28AUG26-98000-P,put,63278.79,98000.0,0.2223262252266933,0.045,34961.531475,0.7058275005392934,34948.66892404212,33756.33274980787,1192.3361742342458,0.034116783584109724
BTC-28AUG26-100000-C,call,63277.4,100000.0,0.2223262252266933,0.045,142.37415,0.4709756544196783,1284.0566409950325,73.5612106143877,1210.4954303806448,0.9427118646749227
BTC-28AUG26-100000-P,put,63277.34,100000.0,0.2223262252266933,0.045,37017.2439,0.7399907717521211,37011.23950742149,35844.301301759064,1166.9382056624236,0.0315292927552029
BTC-28AUG26-105000-C,call,63277.34,105000.0,0.2223262252266933,0.045,110.735345,0.4935475935492698,1523.561262435645,27.152641926195603,1496.4086205094493,0.982178175177027
BTC-28AUG26-105000-P,put,63277.67,105000.0,0.2223262252266933,0.045,42032.1922975,0.8040374964509871,42200.616538613205,40602.30733679723,1598.3092018159732,0.03787407229829294
BTC-28AUG26-110000-C,call,63283.1,110000.0,0.2223262252266933,0.045,88.59634,0.5151022804957333,1803.4400712441575,21.120196912754597,1782.3198743314028,0.9882889388732589
BTC-28AUG26-110000-P,put,63284.79,110000.0,0.2223262252266933,0.045,46988.956575,0.8564548727881431,47423.49574000532,45584.799905285596,1838.6958347197215,0.03877183252791384
BTC-25SEP26-30000-P,put,63480.19,30000.0,0.2990385539938166,0.045,193.61457949999365,0.7370659880309596,1798.9014695870428,0.47940011510300795,1798.4220694719397,0.9997335039616077
BTC-25SEP26-35000-P,put,63482.36,35000.0,0.2990385539938166,0.045,349.15298,0.6736690285083239,1292.53210323221,8.307326648571717,1284.2247765836382,0.993572827608848
BTC-25SEP26-40000-C,call,63480.33,40000.0,0.2990385539938166,0.045,24043.1749875,0.3642919086662087,24976.918818917737,23914.53997548967,1062.378843428065,0.04253442352638829
BTC-25SEP26-40000-P,put,63475.96,40000.0,0.2990385539938166,0.045,571.28364,0.6093115420636376,961.7362261266535,62.66226613108488,899.0739599955687,0.9348446440626926
BTC-25SEP26-45000-C,call,63476.35,45000.0,0.2990385539938166,0.045,19439.6321875,0.4338816121815462,19968.402555164248,19206.32416499651,762.0783901677387,0.03816421409085872
BTC-25SEP26-45000-P,put,63476.35,45000.0,0.2990385539938166,0.045,952.14525,0.5573632260949273,890.5556522655315,274.4519830636337,616.1036692018979,0.6918193912245229
BTC-25SEP26-50000-C,call,63475.3,50000.0,0.2990385539938166,0.045,15107.1214,0.4320200436802991,15384.381057078775,14859.081276438048,525.2997806407275,0.034145005814128784
BTC-25SEP26-50000-P,put,63475.24,50000.0,0.2990385539938166,0.045,1634.48743,0.5208003600429306,1240.755891760251,839.6104612626257,401.1454304976253,0.32330729449813317
BTC-25SEP26-55000-C,call,63474.43,55000.0,0.2990385539938166,0.045,11219.1055025,0.4232974902214502,11404.547509037919,10918.92431451849,485.6231945194286,0.04258153987561366
BTC-25SEP26-55000-P,put,63474.26,55000.0,0.2990385539938166,0.045,2729.39318,0.4923028536102097,2194.9872209799432,1976.0177010356201,218.9695199443231,0.09975890422112119
BTC-25SEP26-56000-C,call,63476.4,56000.0,0.2990385539938166,0.045,10489.4751,0.4194483022490911,10695.511582952742,10275.513485045554,419.9980979071879,0.03926863101869857
BTC-25SEP26-56000-P,put,63478.71,56000.0,0.2990385539938166,0.045,3015.238725,0.4880255724050892,2470.0790735437695,2193.125315202152,276.9537583416177,0.11212343819595948
BTC-25SEP26-58000-C,call,63478.71,58000.0,0.2990385539938166,0.045,9156.8039175,0.4167678131403909,9366.679896212736,9129.943795489522,236.7361007232139,0.025274281105617184
BTC-25SEP26-58000-P,put,63477.09,58000.0,0.2990385539938166,0.045,3665.8019475,0.4806837433032231,3113.148713045375,2874.4444397194184,238.70427332595682,0.07667615502134145
BTC-25SEP26-60000-C,call,63480.11,60000.0,0.2990385539938166,0.045,7919.1437225,0.4132228831039667,8159.754383447478,7870.338431093493,289.4159523539847,0.03546870883038849
BTC-25SEP26-60000-P,put,63480.11,60000.0,0.2990385539938166,0.045,4427.7376725,0.4753106316310165,3877.6485129158536,3675.919341957208,201.72917095864568,0.05202358343896222
BTC-25SEP26-62000-C,call,63480.11,62000.0,0.2990385539938166,0.045,6776.5017425,0.4087651169087568,7074.432021413486,6908.691838403105,165.74018301038086,0.02342805507335494
BTC-25SEP26-62000-P,put,63483.96,62000.0,0.2990385539938166,0.045,5285.03967,0.4701674570600995,4764.098734821302,4593.5093365396,170.58939828170242,0.03580727599846881
BTC-25SEP26-64000-C,call,63485.38,64000.0,0.2990385539938166,0.045,5761.298234999999,0.4054725329445341,6112.106131483855,5765.4724075833765,346.6337239004788,0.056712648053499265
BTC-25SEP26-64000-P,put,63485.38,64000.0,0.2990385539938166,0.045,6269.181275,0.4673734204474991,5771.263869583454,5667.250563615413,104.0133059680411,0.018022621789349644
BTC-25SEP26-65000-C,call,63480.26,65000.0,0.2990385539938166,0.045,5316.471775000001,0.4057208950922172,5670.318223163758,5519.707412868149,150.61081029560955,0.02656126241387139
BTC-25SEP26-65000-P,put,63477.57,65000.0,0.2990385539938166,0.045,6807.9693825,0.466506351141542,6322.509286069406,6065.280931170417,257.228354898989,0.04068453572156054
BTC-25SEP26-66000-C,call,63472.03,66000.0,0.2990385539938166,0.045,4871.4783025,0.4041000616242882,5255.457392100609,5028.584391463658,226.87300063695056,0.04316903053537446
BTC-25SEP26-66000-P,put,63472.03,66000.0,0.2990385539938166,0.045,7378.6234875,0.4663129748694789,6901.231934515818,6668.393279291802,232.83865522401538,0.03373870889043683
BTC-25SEP26-68000-C,call,63472.06,68000.0,0.2990385539938166,0.045,4078.079855,0.4015526123956816,4515.535670263649,4332.688794984136,182.84687527951337,0.04049284262853303
BTC-25SEP26-68000-P,put,63471.66,68000.0,0.2990385539938166,0.045,8584.542015,0.4660634397511174,8134.771223151329,7872.4281156965335,262.34310745479524,0.03224959869899896
BTC-25SEP26-70000-C,call,63471.66,70000.0,0.2990385539938166,0.045,3395.73381,0.3998486723065025,3877.439483626971,3601.9091771336143,275.5303064933569,0.07105985990415119
BTC-25SEP26-70000-P,put,63471.31,70000.0,0.2990385539938166,0.045,9917.3921875,0.4688576037662705,9470.33246805468,9165.342221177836,304.99024687684323,0.032204808849703656
BTC-25SEP26-72000-C,call,63474.81,72000.0,0.2990385539938166,0.045,2824.629045,0.3995111472478272,3334.501037513186,2975.1798146227857,359.32122289040035,0.10775861781059033
BTC-25SEP26-72000-P,put,63474.98,72000.0,0.2990385539938166,0.045,11282.677695,0.4684378894584918,10897.183130502388,10624.841130080935,272.3420004214531,0.02499196325875616
BTC-25SEP26-74000-C,call,63479.12,74000.0,0.2990385539938166,0.045,2332.85766,0.3988819896701297,2877.097044537164,2494.5082408227036,382.5888037144605,0.1329773719106535
BTC-25SEP26-74000-P,put,63479.65,74000.0,0.2990385539938166,0.045,12791.149475000002,0.4736146758452755,12408.47224470057,12207.893108900787,200.5791357997823,0.016164692304118742
BTC-25SEP26-75000-C,call,63480.13,75000.0,0.2990385539938166,0.045,2126.584355,0.3995623978097601,2677.357053243746,2342.577846942716,334.7792063010302,0.12504092642235715
BTC-25SEP26-75000-P,put,63480.09,75000.0,0.2990385539938166,0.045,13568.8692375,0.4761434943005705,13194.761513299425,12775.782962826428,418.9785504729971,0.031753400775807517
BTC-25SEP26-76000-C,call,63480.28,76000.0,0.2990385539938166,0.045,1936.14854,0.4001867614600907,2495.576282826207,2124.793069312729,370.7832135134777,0.14857618902098663
BTC-25SEP26-76000-P,put,63479.92,76000.0,0.2990385539938166,0.045,14394.07186,0.4813712905569476,13999.706108319733,13822.447361928263,177.25874639146969,0.012661604823699013
BTC-25SEP26-78000-C,call,63485.99,78000.0,0.2990385539938166,0.045,1571.2782525,0.3984137544781288,2183.689455811129,1810.8809100379729,372.8085457731561,0.1707241589599913
BTC-25SEP26-78000-P,put,63485.99,78000.0,0.2990385539938166,0.045,16030.212475,0.4880546819536733,15655.104824120011,15354.106073819157,300.9987503008542,0.01922687543024955
BTC-25SEP26-80000-C,call,63482.54,80000.0,0.2990385539938166,0.045,1317.262705,0.4023084369137154,1930.7420273779517,1468.9680643983797,461.77396297957193,0.23916916731060392
BTC-25SEP26-80000-P,put,63480.05,80000.0,0.2990385539938166,0.045,17758.5439875,0.4982762956367579,17380.936679722974,16967.444301476375,413.4923782465994,0.023789993937955584
BTC-25SEP26-82000-C,call,63479.56,82000.0,0.2990385539938166,0.045,1079.15252,0.4031148634781337,1731.680210349714,1220.5774766322095,511.1027337175044,0.2951484521580846
BTC-25SEP26-82000-P,put,63477.61,82000.0,0.2990385539938166,0.045,19535.234477499995,0.5100510117775745,19157.736808797563,18620.909774135358,536.8270346622048,0.02802142236423692
BTC-25SEP26-84000-C,call,63477.2,84000.0,0.2990385539938166,0.045,904.5501,0.4069127643530714,1579.7118447006242,990.2753021975767,589.4365425030475,0.3731291529403917
BTC-25SEP26-84000-P,put,63472.3,84000.0,0.2990385539938166,0.045,21358.42895,0.5234581326655456,20984.073438603213,20442.596509626535,541.4769289766773,0.025804185758354848
BTC-25SEP26-85000-C,call,63472.3,85000.0,0.2990385539938166,0.045,825.1399,0.4083952333152289,1519.04880703675,956.3968818641811,562.651925172569,0.37039752940535825
BTC-25SEP26-85000-P,put,63468.25,85000.0,0.2990385539938166,0.045,22277.35575,0.5299312650547419,21914.24144844034,21274.622734317443,639.6187141228984,0.02918735360417509
BTC-25SEP26-86000-C,call,63468.04,86000.0,0.2990385539938166,0.045,761.61648,0.4111404540614231,1468.0401569171208,824.4987157780191,643.5414411391017,0.4383677368135055
BTC-25SEP26-86000-P,put,63468.61,86000.0,0.2990385539938166,0.045,23642.057225,0.5805290725290527,22849.951518471353,22300.481509116922,549.4700093544307,0.02404687856384519
BTC-25SEP26-88000-C,call,63470.09,88000.0,0.2990385539938166,0.045,634.7008999999999,0.4138675244961311,1392.8087277249397,676.3844673617727,716.4242603631669,0.5143737586519854
BTC-25SEP26-88000-P,put,63470.17,88000.0,0.2990385539938166,0.045,25499.1407975,0.595485576114735,24746.383167821594,24065.82420183242,680.5589659891739,0.027501350858986275
BTC-25SEP26-90000-C,call,63467.46,90000.0,0.2990385539938166,0.045,539.4734100000001,0.4184854651872962,1347.794848661295,590.3018822832142,757.4929663780807,0.5620239364547691
BTC-25SEP26-90000-P,put,63467.46,90000.0,0.2990385539938166,0.045,27068.87169,0.5780820954868829,26677.341042863867,25804.574062715463,872.7669801484044,0.03271566603081186
BTC-25SEP26-92000-C,call,63466.98,92000.0,0.2990385539938166,0.045,476.00235,0.4262365868337665,1329.2436494344477,438.09237773031066,891.151271704137,0.6704198075975721
BTC-25SEP26-92000-P,put,63460.37,92000.0,0.2990385539938166,0.045,29334.5560325,0.6323125914503562,28638.976696928563,27652.10485716294,986.871839765623,0.03445904685105113
BTC-25SEP26-94000-C,call,63460.37,94000.0,0.2990385539938166,0.045,412.492405,0.431876026273615,1333.3186566839513,346.2897823272998,987.0288743566515,0.7402798043878388
BTC-25SEP26-94000-P,put,63460.35,94000.0,0.2990385539938166,0.045,31270.0874625,0.6513300978204388,30616.508253990112,29659.824911579715,956.683342410397,0.03124730405158847
BTC-25SEP26-95000-C,call,63458.73,95000.0,0.2990385539938166,0.045,380.75238,0.4337714398795151,1342.9376001736202,360.13145688700376,982.8061432866165,0.7318330674184381
BTC-25SEP26-95000-P,put,63458.73,95000.0,0.2990385539938166,0.045,31840.417777500003,0.6155096574269558,31614.38080516521,30560.81897456973,1053.5618305954777,0.03332539824481854
BTC-25SEP26-96000-C,call,63458.73,96000.0,0.2990385539938166,0.045,349.023015,0.4349845374983805,1357.1013902617747,311.0810759791822,1046.0203142825926,0.7707753612136696
BTC-25SEP26-96000-P,put,63455.84,96000.0,0.2990385539938166,0.045,33203.26828,0.6687456191219812,32618.07757848795,31517.975608326957,1100.1019701609948,0.03372675681188907
BTC-25SEP26-98000-C,call,63454.95,98000.0,0.2990385539938166,0.045,320.4474975,0.4447320558369289,1397.8127642268541,257.00934832873446,1140.8034158981197,0.8161346391260855
BTC-25SEP26-98000-P,put,63454.04,98000.0,0.2990385539938166,0.045,35185.26518,0.6909346404263355,34633.860097605044,33639.46287505167,994.3972225533726,0.028711706398044146
BTC-25SEP26-100000-C,call,63455.97,100000.0,0.2990385539938166,0.045,272.860671,0.4476510598295887,1453.0575424528524,215.2828229319792,1237.7747195208733,0.8518415020450132
BTC-25SEP26-100000-P,put,63456.15,100000.0,0.2990385539938166,0.045,36741.11085,0.6627694511020268,36660.24310391221,35227.469115471635,1432.7739884405746,0.03908250101832183
BTC-25SEP26-102000-C,call,63441.44,102000.0,0.2990385539938166,0.045,241.077472,0.4534873643002858,1521.4767581438316,159.51723924903504,1361.9595188947965,0.8951563088984398
BTC-25SEP26-102000-P,put,63438.52,102000.0,0.2990385539938166,0.045,39078.12832,0.7240888590979018,38719.66699856133,37255.07188960006,1464.5951089612718,0.03782561221447721
BTC-25SEP26-105000-C,call,63414.96,105000.0,0.2990385539938166,0.045,206.09862,0.4638296829700081,1644.9996981524573,117.40679713009591,1527.5929010223615,0.9286280737546891
BTC-25SEP26-105000-P,put,63415.04,105000.0,0.2990385539938166,0.045,41647.82752,0.7023206635258107,41826.46310996092,40468.15918111573,1358.303928845191,0.03247474990352968
BTC-25SEP26-110000-C,call,63415.95,110000.0,0.2990385539938166,0.045,155.36907749999995,0.4770681407623779,1892.7387232597587,74.30762449600687,1818.4310987637518,0.9607406856620807
BTC-25SEP26-110000-P,put,63417.47,110000.0,0.2990385539938166,0.045,46595.9860825,0.7485764581440795,47004.84549670982,45182.491838533926,1822.3536581758963,0.03876948512262326
BTC-25SEP26-115000-C,call,63417.0,115000.0,0.2990385539938166,0.045,126.834,0.4940263788996131,2182.7895310954327,55.39298964937028,2127.3965414460627,0.9746228443648568
BTC-25SEP26-120000-C,call,63413.66,120000.0,0.2990385539938166,0.045,104.632539,0.5098345294829812,2506.2071977476144,26.921100034086326,2479.286097713528,0.9892582305013404
BTC-25SEP26-120000-P,put,63413.64,120000.0,0.2990385539938166,0.045,56644.23393,0.8528874944807493,57488.57722051935,55058.783801436504,2429.7934190828455,0.04226567322691683
BTC-25SEP26-125000-C,call,63412.0,125000.0,0.2990385539938166,0.045,95.118,0.5305421108155935,2856.514116754597,16.326371354335915,2840.187745400261,0.9942845122806937
BTC-25SEP26-125000-P,put,63408.46,125000.0,0.2990385539938166,0.045,61950.06542,0.9376821419787442,62777.5754588558,60039.33439897513,2738.2410598806673,0.043618139755577226
BTC-25SEP26-130000-C,call,63409.37,130000.0,0.2990385539938166,0.045,82.432181,0.546382031498328,3230.0000938529734,9.243162786330496,3220.7569310666427,0.9971383397777848
BTC-25SEP26-135000-C,call,63405.25,135000.0,0.2990385539938166,0.045,72.9160375,0.5622360683603361,3624.088833763917,7.209175761716535,3616.879658002201,0.9980107618514888
BTC-25SEP26-140000-C,call,63399.38,140000.0,0.2990385539938166,0.045,66.56934899999999,0.5789886442135284,4036.9773529459057,1.4329829004948917,4035.5443700454107,0.9996450356850654
BTC-25SEP26-145000-C,call,63404.18,145000.0,0.2990385539938166,0.045,57.063762,0.5902347935401775,4465.714896564531,2.0108098983161042,4463.704086666215,0.9995497227331142
BTC-25SEP26-150000-C,call,63401.07,150000.0,0.2990385539938166,0.045,50.72085599999366,0.6029976424279617,4911.543705370976,0.3298327222004695,4911.213872648776,0.9999328454062539
BTC-25SEP26-155000-C,call,63404.85,155000.0,0.2990385539938166,0.045,47.5536375,0.618295960488086,5371.635974645431,2.5252063793788464,5369.110768266052,0.999529899942718
BTC-25SEP26-160000-C,call,63418.57,160000.0,0.2990385539938166,0.045,44.392999,0.6323513982684604,5844.652365290249,0.646550092179603,5844.005815198069,0.9998893774938576
BTC-25SEP26-165000-C,call,63417.35,165000.0,0.2990385539938166,0.045,38.05040999999999,0.6401156389495828,6333.679740798336,0.0,6333.679740798336,1.0
BTC-25SEP26-170000-C,call,63417.35,170000.0,0.2990385539938166,0.045,38.05040999999999,0.6573428547603428,6835.79496669089,0.0,6835.79496669089,1.0
BTC-25SEP26-175000-C,call,63418.83,175000.0,0.2990385539938166,0.045,31.709415,0.6618520164173235,7350.412194279685,0.0,7350.412194279685,1.0
BTC-25SEP26-180000-C,call,63418.55,180000.0,0.2990385539938166,0.045,25.36741999999366,0.6633885435668985,7877.606610781326,0.0,7877.606610781326,1.0
BTC-25DEC26-30000-P,put,64091.08,30000.0,0.5483536224869673,0.045,480.6831,0.6610452906200299,2036.3404083414207,16.521434156062604,2019.818974185358,0.9918867031816555
BTC-25DEC26-35000-P,put,64098.27,35000.0,0.5483536224869673,0.045,801.228375,0.6158848380067501,1588.1626016535956,91.05270268220568,1497.10989897139,0.9426678964815055
BTC-25DEC26-40000-C,call,64102.39,40000.0,0.5483536224869673,0.045,25384.54644,0.405998119377809,26495.07793829572,25416.56259074182,1078.5153475538973,0.04070625306578254
BTC-25DEC26-40000-P,put,64102.39,40000.0,0.5483536224869673,0.045,1266.0222025,0.5754814013321772,1417.729878506325,305.8815321382718,1111.8483463680532,0.784245548622747
BTC-25DEC26-45000-C,call,64107.59,45000.0,0.5483536224869673,0.045,21091.39711,0.4201108213405308,21829.711299535134,21134.651981626565,695.0593179085699,0.03184006001597334
BTC-25DEC26-45000-P,put,64111.62,45000.0,0.5483536224869673,0.045,1971.432315,0.5442623263134887,1625.1503308393221,793.4888958042603,831.6614350350618,0.5117443102051633
BTC-25DEC26-50000-C,call,64121.47,50000.0,0.5483536224869673,0.045,17120.432490000003,0.4180948545560226,17656.505247179557,17188.285118164153,468.2201290154044,0.02651827881342474
BTC-25DEC26-50000-P,put,64124.5,50000.0,0.5483536224869673,0.045,2997.820375,0.5204151370741131,2315.9919148241024,1706.2591378993297,609.7327769247727,0.26327068459178166
BTC-25DEC26-52000-P,put,64125.52,52000.0,0.5483536224869673,0.045,1923.7656,0.38953576270943,2746.969120672169,2199.027720435545,547.9414002366243,0.19947126311436145
BTC-25DEC26-54000-C,call,64125.57,54000.0,0.5483536224869673,0.045,14267.939325,0.4164885426069866,14713.244035337579,14163.405683312423,549.8383520251555,0.03737030057440627
BTC-25DEC26-54000-P,put,64125.16,54000.0,0.5483536224869673,0.045,4136.07282,0.5079066389679567,3271.5584628219076,2769.200593390772,502.35786943113544,0.1535530772688142
BTC-25DEC26-55000-C,call,64124.82,55000.0,0.5483536224869673,0.045,13594.46184,0.4154824693845578,14034.876954858708,13384.046184656749,650.8307702019592,0.04637238874948949
BTC-25DEC26-55000-P,put,64125.34,55000.0,0.5483536224869673,0.045,4456.711130000001,0.5047253344542383,3569.380401761271,3099.5029673937916,469.8774343674795,0.13164117619282711
BTC-25DEC26-56000-C,call,64126.43,56000.0,0.5483536224869673,0.045,12953.53886,0.4152056947203796,13382.222369959265,13072.06764249509,310.15472746417436,0.023176623350723655
BTC-25DEC26-56000-P,put,64126.54,56000.0,0.5483536224869673,0.045,4825.522135,0.5036736278743659,3890.8257109140177,3403.505024046447,487.32068686757066,0.12524865493219206
BTC-25DEC26-58000-C,call,64126.54,58000.0,0.5483536224869673,0.045,11703.09355,0.4128802705374835,12146.0075706211,11846.652054105312,299.3555165157868,0.024646412804802734
BTC-25DEC26-58000-P,put,64123.19,58000.0,0.5483536224869673,0.045,5594.7483275,0.5002786057324308,4606.693045618958,4119.354207496184,487.3388381227742,0.10578930119649312
BTC-25DEC26-60000-C,call,64123.34,60000.0,0.5483536224869673,0.045,10548.28943,0.4115914887165611,11002.168864973202,10590.540157769765,411.62870720343744,0.037413414778054314
BTC-25DEC26-60000-P,put,64123.34,60000.0,0.5483536224869673,0.045,6428.364835,0.4968363011115771,5416.391775289114,5038.462398362564,377.9293769265496,0.06977511830860438
BTC-25DEC26-62000-C,call,64123.34,62000.0,0.5483536224869673,0.045,9474.223485,0.4101054558706747,9953.513469845799,9642.063188599328,311.4502812464707,0.0312904867401858
BTC-25DEC26-62000-P,put,64123.36,62000.0,0.5483536224869673,0.045,7342.124720000001,0.494199463522054,6318.981280017688,5970.0821125205275,348.8991674971603,0.05521446448978619
BTC-25DEC26-64000-C,call,64124.49,64000.0,0.5483536224869673,0.045,8496.494925,0.4094361723052157,8995.741100220159,8743.184739918965,252.55636030119422,0.028075103261365895
BTC-25DEC26-64000-P,put,64124.49,64000.0,0.5483536224869673,0.045,8352.2148225,0.4932561739688456,7311.318204557123,6836.852159133155,474.46604542396835,0.06489473336398285
BTC-25DEC26-65000-C,call,64128.61,65000.0,0.5483536224869673,0.045,8032.1084025,0.4087000653653335,8551.65174111856,7947.005697557795,604.6460435607642,0.07070517624723527
BTC-25DEC26-65000-P,put,64128.94,65000.0,0.5483536224869673,0.045,8897.890425000001,0.493734689147943,7838.5946843653655,7434.511910622244,404.08277374312183,0.051550410502675136
BTC-25DEC26-66000-C,call,64136.26,66000.0,0.5483536224869673,0.045,7584.112744999999,0.4077085383218954,8130.582277228859,7810.277984899709,320.3042923291505,0.03939500043265285
BTC-25DEC26-66000-P,put,64143.6,66000.0,0.5483536224869673,0.045,9445.1451,0.4936660304574263,8382.367287660025,8064.558385649406,317.808902010619,0.0379139795602224
BTC-25DEC26-68000-C,call,64141.46,68000.0,0.5483536224869673,0.045,6766.92403,0.4072153187006743,7343.992114708046,6810.321181599456,533.6709331085895,0.07266768874108535
BTC-25DEC26-68000-P,put,64138.93,68000.0,0.5483536224869673,0.045,10631.0276475,0.4951159772314157,9546.338774251992,8995.349812655479,550.988961596513,0.05771730656391733
BTC-25DEC26-70000-C,call,64139.31,70000.0,0.5483536224869673,0.045,6029.095139999999,0.4072519013942888,6632.144620548661,6116.94949613301,515.1951244156508,0.0776815274533368
BTC-25DEC26-70000-P,put,64139.31,70000.0,0.5483536224869673,0.045,11865.77235,0.4960673093145854,10786.658015917215,10340.5694416587,446.088574258516,0.04135558702243552
BTC-25DEC26-72000-C,call,64143.73,72000.0,0.5483536224869673,0.045,5356.0014550000005,0.4068912591832171,5997.37208231254,5503.050036180364,494.3220461321762,0.08242310787920455
BTC-25DEC26-72000-P,put,64143.89,72000.0,0.5483536224869673,0.045,13197.605367499998,0.4992618528098546,12098.626537364908,11711.137756791319,387.4887805735889,0.032027501582670086
BTC-25DEC26-74000-C,call,64143.89,74000.0,0.5483536224869673,0.045,4730.611887499999,0.4057035109776662,5429.955761265868,4977.040788876844,452.9149723890241,0.08341043505728996
BTC-25DEC26-74000-P,put,64143.89,74000.0,0.5483536224869673,0.045,14496.51914,0.4977724781580114,13482.39335065549,13123.116669461973,359.2766811935162,0.02664784151072471
BTC-25DEC26-76000-C,call,64154.06,76000.0,0.5483536224869673,0.045,4202.09093,0.4062901704037274,4930.73011291484,4347.754976375205,582.9751365396351,0.11823302496574989
BTC-25DEC26-76000-P,put,64159.23,76000.0,0.5483536224869673,0.045,16023.7676925,0.5063289190653188,14920.924285187597,14381.30760119041,539.6166839971866,0.03616509766307698
BTC-25DEC26-78000-C,call,64159.23,78000.0,0.5483536224869673,0.045,3721.23534,0.4065801573678572,4489.129566716754,3862.4662498976604,626.6633168190938,0.13959572952968272
BTC-25DEC26-78000-P,put,64159.23,78000.0,0.5483536224869673,0.045,17579.629020000004,0.5136767407786264,16428.73135012744,15822.053638075617,606.6777120518236,0.03692784909086224
BTC-25DEC26-80000-C,call,64175.63,80000.0,0.5483536224869673,0.045,3321.0888525,0.4084609825323817,4105.82036435452,3486.799788222081,619.0205761324391,0.15076659989964172
BTC-25DEC26-80000-P,put,64175.63,80000.0,0.5483536224869673,0.045,19140.3816475,0.5197313675530388,17980.27424477574,17421.962071148333,558.3121736274079,0.03105137140995657
BTC-25DEC26-82000-C,call,64174.97,82000.0,0.5483536224869673,0.045,2919.961135,0.4078808935338165,3768.0537380103615,3248.408044305022,519.6456937053395,0.13790824914820005
BTC-25DEC26-82000-P,put,64175.79,82000.0,0.5483536224869673,0.045,20760.868065,0.5266103743855077,19593.812103728567,18956.761542238146,637.0505614904214,0.0325128442652155
BTC-25DEC26-84000-C,call,64172.21,84000.0,0.5483536224869673,0.045,2598.974505,0.4097295855547869,3476.6317450685347,2654.4144050476243,822.2173400209103,0.2364982547223166
BTC-25DEC26-84000-P,put,64172.21,84000.0,0.5483536224869673,0.045,22444.2304475,0.5351658420718999,21257.009819510808,20617.897679819464,639.112139691344,0.030065947427127458
BTC-25DEC26-85000-C,call,64170.76,85000.0,0.5483536224869673,0.045,2454.53157,0.4108106150032568,3347.2546830135634,2595.832571321694,751.4221116918693,0.22448907622868935
BTC-25DEC26-85000-P,put,64170.27,85000.0,0.5483536224869673,0.045,23277.7654425,0.5383627734729637,22105.092860792654,21452.626719762346,652.4661410303088,0.02951655282062056
BTC-25DEC26-86000-C,call,64170.27,86000.0,0.5483536224869673,0.045,2294.0871525,0.4101992171309324,3228.332996744388,2418.79084435864,809.5421523857481,0.25076166343500833
BTC-25DEC26-86000-P,put,64170.89,86000.0,0.5483536224869673,0.045,24705.79265,0.5758385934204857,22961.408970539822,22311.11700980448,650.2919607353433,0.028321082629105532
BTC-25DEC26-88000-C,call,64170.48,88000.0,0.5483536224869673,0.045,2053.45536,0.4128195585308597,3019.582709303093,2157.598061956793,861.9846473462999,0.2854648242257429
BTC-25DEC26-88000-P,put,64167.99,88000.0,0.5483536224869673,0.045,26437.21188,0.5848618589457028,24706.24271598763,23797.39588581559,908.8468301720422,0.03678612084483082
BTC-25DEC26-90000-C,call,64167.99,90000.0,0.5483536224869673,0.045,1828.787715,0.4146048415834576,2845.9936411572653,1792.7144829388556,1053.2791582184097,0.37009188741198845
BTC-25DEC26-90000-P,put,64167.99,90000.0,0.5483536224869673,0.045,27656.40369,0.5618026887890931,26484.34800663114,25617.574952223156,866.7730544079823,0.032727747505468516
BTC-25DEC26-92000-C,call,64167.41,92000.0,0.5483536224869673,0.045,1620.2271025000002,0.4155910117115333,2705.1331957492766,1699.5935822764059,1005.5396134728708,0.3717153798759078
BTC-25DEC26-92000-P,put,64167.5,92000.0,0.5483536224869673,0.045,30030.39,0.6073031776521166,28295.24155598956,27239.252932647745,1055.9886233418147,0.03732036078406555
BTC-25DEC26-94000-C,call,64167.5,94000.0,0.5483536224869673,0.045,1459.810625,0.4186828536467721,2593.7682230888386,1479.4386801118405,1114.329542976998,0.42961801022065776
BTC-25DEC26-94000-P,put,64166.58,94000.0,0.5483536224869673,0.045,31842.665324999994,0.6179374946534542,30135.933828084453,28936.37791892929,1199.5559091551622,0.03980483617989847
BTC-25DEC26-95000-C,call,64162.47,95000.0,0.5483536224869673,0.045,1363.4524874999936,0.4182252613071304,2547.7295966290185,1371.9961750839234,1175.733421545095,0.4614828132077851
BTC-25DEC26-95000-P,put,64162.47,95000.0,0.5483536224869673,0.045,32257.681792500003,0.5918535264420993,31069.734204629203,29987.957348813645,1081.7768558155585,0.034817705510154645
BTC-25DEC26-96000-C,call,64161.93,96000.0,0.5483536224869673,0.045,1315.319565,0.4216386889013725,2508.5496401594182,1277.630571239787,1230.9190689196312,0.49068953996916176
BTC-25DEC26-96000-P,put,64161.93,96000.0,0.5483536224869673,0.045,33701.0537325,0.6303722399054963,32006.72029666487,30803.180378786932,1203.5399178779371,0.037602725512721376
BTC-25DEC26-98000-C,call,64155.2,98000.0,0.5483536224869673,0.045,1170.8323999999998,0.4230039574148879,2447.63112836469,1100.3474412258222,1347.283687138868,0.5504439257720236
BTC-25DEC26-98000-P,put,64154.48,98000.0,0.5483536224869673,0.045,35541.581920000004,0.6407688279760849,33904.44948367365,32718.081523972945,1186.367959700703,0.03499151225776389
BTC-25DEC26-100000-C,call,64154.48,100000.0,0.5483536224869673,0.045,1058.5489200000002,0.4259464198344134,2409.213708933459,1133.4760048196304,1275.7377041138288,0.5295245080929696
BTC-25DEC26-100000-P,put,64151.16,100000.0,0.5483536224869673,0.045,36886.917,0.6181409632410122,35820.46122972251,34513.863932623666,1306.5972970988441,0.036476283449267184
BTC-25DEC26-102000-C,call,64152.75,102000.0,0.5483536224869673,0.045,962.29125,0.4292893647987443,2390.6425442793234,905.7222116874889,1484.9203325918345,0.6211385872577092
BTC-25DEC26-102000-P,put,64152.75,102000.0,0.5483536224869673,0.045,39341.6739375,0.6676566754051033,37751.74949181637,36151.82345387948,1599.9260379368934,0.04238018262660164
BTC-25DEC26-104000-C,call,64153.46,104000.0,0.5483536224869673,0.045,866.0717099999999,0.4313459693722943,2390.2106150209415,858.3659653959884,1531.844649624953,0.6408827071548806
BTC-25DEC26-104000-P,put,64153.46,104000.0,0.5483536224869673,0.045,41250.67478,0.6808783151897524,39701.859659568516,37840.258587988785,1861.601071579731,0.04688951821255728
BTC-25DEC26-105000-C,call,64153.46,105000.0,0.5483536224869673,0.045,833.9949799999999,0.4338451881544322,2396.2056034649395,742.2111624193168,1653.9944410456228,0.6902556436116871
BTC-25DEC26-105000-P,put,64153.86,105000.0,0.5483536224869673,0.045,41651.893605,0.6500461502742783,40683.090419020795,38983.4394567525,1699.6509622682934,0.04177782328634616
BTC-25DEC26-106000-C,call,64154.01,106000.0,0.5483536224869673,0.045,801.9251250000001,0.4361133487893497,2406.1009369893677,730.4252318561535,1675.6757051332143,0.6964278511232793
BTC-25DEC26-106000-P,put,64154.01,106000.0,0.5483536224869673,0.045,43159.6102275,0.693558620131929,41668.45207854748,40146.20442276761,1522.2476557798727,0.03653237833050161
BTC-25DEC26-108000-C,call,64150.53,108000.0,0.5483536224869673,0.045,721.6934625,0.4378579653958973,2436.792141546129,629.5484925130788,1807.2436490330504,0.7416486692567736
BTC-25DEC26-108000-P,put,64150.53,108000.0,0.5483536224869673,0.045,45081.7849575,0.7064213214961634,43653.87538011477,41832.18961645625,1821.6857636585191,0.04173021862998982
BTC-25DEC26-110000-C,call,64139.84,110000.0,0.5483536224869673,0.045,673.4683199999936,0.4430044223236745,2481.0807162465644,583.4445344877832,1897.6361817587813,0.7648425822395527
BTC-25DEC26-110000-P,put,64143.68,110000.0,0.5483536224869673,0.045,46488.13208,0.6830523148790335,45656.247788929664,43628.367051019326,2027.8807379103382,0.04441628114700309
BTC-25DEC26-115000-C,call,64134.64,115000.0,0.5483536224869673,0.045,545.14444,0.450975393323872,2643.41839059473,391.7870352958091,2251.6313552989213,0.851787731866516
BTC-25DEC26-115000-P,put,64134.64,115000.0,0.5483536224869673,0.045,51868.8901,0.7518695922737855,50705.77396870022,48558.32485703162,2147.4491116685967,0.042351175094855656
BTC-25DEC26-120000-C,call,64130.55,120000.0,0.5483536224869673,0.045,464.9464874999936,0.462303859186526,2867.1486552821857,281.24628265562416,2585.9023726265614,0.9019073244990348
BTC-25DEC26-120000-P,put,64130.55,120000.0,0.5483536224869673,0.045,56771.5693875,0.7857500130959257,55811.724475914,53107.64400187522,2704.080474038783,0.04845004341705569
BTC-25DEC26-125000-C,call,64132.73,125000.0,0.5483536224869673,0.045,384.79638,0.4697580397576509,3139.9182206139694,202.2537461153972,2937.6644744985724,0.9355863013286222
BTC-25DEC26-125000-P,put,64133.16,125000.0,0.5483536224869673,0.045,61712.13321000001,0.8207667834047921,60959.98600071453,57816.00168139258,3143.9843193219494,0.0515745577645818
BTC-25DEC26-130000-C,call,64134.14,130000.0,0.5483536224869673,0.045,323.877407,0.4776262335140336,3453.0104405673565,142.5245173650853,3310.4859232022714,0.9587245622860998
BTC-25DEC26-130000-P,put,64134.14,130000.0,0.5483536224869673,0.045,66619.33792499999,0.8517102724767415,66150.25674625183,62745.19527651662,3405.061469735214,0.051474652362980426
BTC-25DEC26-135000-C,call,64134.8,135000.0,0.5483536224869673,0.045,282.19312,0.487254561446472,3799.6944773686264,97.9364722664026,3701.7580051022237,0.974225171826387
BTC-25DEC26-135000-P,put,64135.26,135000.0,0.5483536224869673,0.045,71590.983975,0.885752359004344,71373.90823490964,67620.09025332928,3753.8179815803596,0.052593700897330606
BTC-25DEC26-140000-C,call,64134.8,140000.0,0.5483536224869673,0.045,246.91898000000003,0.4962662096823849,4174.871013135595,73.83734864354865,4101.033664492046,0.9823138610962517
BTC-25DEC26-140000-P,put,64136.71,140000.0,0.5483536224869673,0.045,76563.1975625,0.918548026462176,76625.60859222815,72642.20335450523,3983.4052377229236,0.05198529983521652
BTC-25DEC26-150000-C,call,64133.63,150000.0,0.5483536224869673,0.045,202.0209345,0.5166836918816754,4996.0214704672935,56.704008900876275,4939.3174615664175,0.9886501670907406
BTC-25DEC26-150000-P,put,64133.63,150000.0,0.5483536224869673,0.045,86516.26686999999,0.9809546480526772,87206.29874625706,82319.72850128968,4886.5702449673845,0.056034602032426224
BTC-25DEC26-160000-C,call,64110.0,160000.0,0.5483536224869673,0.045,163.4805,0.533483564234324,5897.88768765135,14.663820490635654,5883.223867160714,0.9975137165596866
BTC-25DEC26-170000-C,call,64108.87,170000.0,0.5483536224869673,0.045,147.450401,0.5552773974217213,6861.281937265479,9.588323478574889,6851.693613786904,0.9986025463512148
BTC-25DEC26-180000-C,call,64097.59,180000.0,0.5483536224869673,0.045,115.375662,0.564961717993055,7882.185371948468,12.562073520957625,7869.62329842751,0.9984062702247952
BTC-25DEC26-190000-C,call,64097.3,190000.0,0.5483536224869673,0.045,96.14595,0.5772284889385612,8951.217840073605,4.917287664758996,8946.300552408846,0.9994506571337427
BTC-25DEC26-200000-C,call,64097.3,200000.0,0.5483536224869673,0.045,86.531355,0.5930532363239359,10065.681006506684,1.9181698354041679,10063.76283667128,0.9998094346687358
BTC-25DEC26-210000-C,call,64097.92,210000.0,0.5483536224869673,0.045,73.712608,0.6038046752434165,11222.08590209691,7.418610471224998,11214.667291625685,0.999338927670315
BTC-25DEC26-220000-C,call,64097.92,220000.0,0.5483536224869673,0.045,67.30281599999999,0.6178643909680196,12417.894303157933,0.0,12417.894303157933,1.0
BTC-25DEC26-230000-C,call,64096.8,230000.0,0.5483536224869673,0.045,57.68712,0.6267171028918381,13650.882126145647,0.0,13650.882126145647,1.0
BTC-25DEC26-240000-C,call,64099.94,240000.0,0.5483536224869673,0.045,51.279952,0.6369150925256929,14917.701102689314,0.0035437703367449938,14917.697558918977,0.9999997624452781
BTC-25DEC26-250000-C,call,64108.38,250000.0,0.5483536224869673,0.045,51.286703999993584,0.6536873500638163,16216.106625346663,0.0,16216.106625346663,1.0
BTC-26MAR27-40000-C,call,64789.78,40000.0,0.797668690980118,0.045,26774.376585,0.3992330045669652,28145.62551051801,26801.38945416391,1344.2360563541006,0.04776003488896561
BTC-26MAR27-40000-P,put,64789.3,40000.0,0.797668690980118,0.045,1943.679,0.5637195997688881,1945.5019448922976,631.2430932955338,1314.2588515967639,0.6755371563864053
BTC-26MAR27-50000-C,call,64790.48,50000.0,0.797668690980118,0.045,18999.80826,0.4124146584733641,19792.59807334184,18915.44560871061,877.1524646312319,0.04431719683191297
BTC-26MAR27-50000-P,put,64793.62,50000.0,0.797668690980118,0.045,4179.1884900000005,0.5267230131853534,3238.7971814760313,2405.741852816876,833.0553286591553,0.25721132938602326
BTC-26MAR27-52000-C,call,64793.66,52000.0,0.797668690980118,0.045,17640.073935,0.4133018666529037,18363.376505404893,17466.164753823246,897.2117515816462,0.04885875706559575
BTC-26MAR27-52000-P,put,64793.66,52000.0,0.797668690980118,0.045,4810.929255,0.5226710858370616,3736.2744091756176,2972.8805458786637,763.3938632969539,0.20431953858158702
BTC-26MAR27-54000-C,call,64793.67,54000.0,0.797668690980118,0.045,16311.806422499998,0.4119161057728788,17014.19168944039,16302.390205050982,711.8014843894089,0.041835750847404526
BTC-26MAR27-54000-P,put,64792.31,54000.0,0.797668690980118,0.045,5491.148272499993,0.5184278736297595,4316.824318539031,3582.1048418234236,734.7194767156075,0.17019906822714134
BTC-26MAR27-55000-C,call,64792.31,55000.0,0.797668690980118,0.045,15695.937097499998,0.4125784553289195,16369.530737627014,15706.182447967649,663.348289659365,0.040523354046710224
BTC-26MAR27-55000-P,put,64796.81,55000.0,0.797668690980118,0.045,5847.9121025,0.5162359225811279,4637.059192494984,4028.172904603508,608.8862878914761,0.13130871585097514
BTC-26MAR27-56000-C,call,64802.93,56000.0,0.797668690980118,0.045,15082.881957500002,0.4118850375306009,15754.735540344045,14993.38133503116,761.3542053128858,0.048325419577068936
BTC-26MAR27-56000-P,put,64802.23,56000.0,0.797668690980118,0.045,6237.2146375,0.5151041687671093,4977.488477592931,4303.895453842624,673.5930237503071,0.13532789212523716
BTC-26MAR27-58000-C,call,64802.23,58000.0,0.797668690980118,0.045,13916.2788925,0.4118014411994861,14568.938275801804,14060.833802507625,508.1044732941791,0.03487587521309719
BTC-26MAR27-58000-P,put,64802.19,58000.0,0.797668690980118,0.045,7063.43871,0.5130352322229574,5721.725681340278,5101.421168970512,620.3045123697666,0.10841213768648625
BTC-26MAR27-60000-C,call,64802.34,60000.0,0.797668690980118,0.045,12798.46215,0.4106377080030008,13463.885772559257,13107.408557262068,356.4772152971891,0.026476547804923097
BTC-26MAR27-60000-P,put,64799.82,60000.0,0.797668690980118,0.045,7970.37786,0.5122121764672439,6546.788850883393,5849.382144913928,697.4067059694653,0.1065265310756678
BTC-26MAR27-62000-C,call,64799.82,62000.0,0.797668690980118,0.045,11744.967375,0.4094173001502766,12435.159375445084,12030.18564753834,404.9737279067449,0.03256683052301048
BTC-26MAR27-62000-P,put,64799.91,62000.0,0.797668690980118,0.045,8926.187602500002,0.5111402581180167,7449.28210145951,6923.570729560996,525.7113718985138,0.07057208530141625
BTC-26MAR27-64000-C,call,64799.18,64000.0,0.797668690980118,0.045,10756.66388,0.4080998453308696,11483.4122551554,10984.66351080412,498.74874435128004,0.0434321030430106
BTC-26MAR27-64000-P,put,64799.27,64000.0,0.797668690980118,0.045,9962.8877625,0.5113333736606097,8427.654727796595,7818.006720212185,609.6480075844092,0.07233898721237733
BTC-26MAR27-65000-C,call,64799.27,65000.0,0.797668690980118,0.045,10303.08393,0.4081637304217207,11035.296844527358,10445.737819383452,589.5590251439062,0.05342484515369256
BTC-26MAR27-65000-P,put,64800.06,65000.0,0.797668690980118,0.045,10497.60972,0.5112929111490506,8943.916803564673,8470.406023453646,473.5107801110262,0.05294221653787125
BTC-26MAR27-66000-C,call,64799.95,66000.0,0.797668690980118,0.045,9865.7923875,0.4082159441758556,10605.359280297365,10074.989799114199,530.3694811831665,0.05000957225169041
BTC-26MAR27-66000-P,put,64799.95,66000.0,0.797668690980118,0.045,11048.391474999991,0.5113841440660506,9478.34815816021,8902.611651773726,575.7365063864836,0.060742283020149855
BTC-26MAR27-68000-C,call,64786.48,68000.0,0.797668690980118,0.045,9021.517339999997,0.4079431591439795,9789.068618174555,8982.34443718793,806.7241809866246,0.08241071877756036
BTC-26MAR27-68000-P,put,64776.59,68000.0,0.797668690980118,0.045,12113.22233,0.5078575164605453,10609.387190741414,10034.231493921725,575.1556968196892,0.05421196215004909
BTC-26MAR27-70000-C,call,64776.12,70000.0,0.797668690980118,0.045,8258.9553,0.4084815056432541,9041.866406354126,8601.272689038697,440.5937173154289,0.04872818260241092
BTC-26MAR27-70000-P,put,64777.57,70000.0,0.797668690980118,0.045,13344.17942,0.509995459020041,11796.959393640493,11271.767921173257,525.1914724672351,0.04451922355097327
BTC-26MAR27-72000-C,call,64777.57,72000.0,0.797668690980118,0.045,7530.392512499993,0.4077060324013765,8364.31889138182,7766.116523817937,598.202367563882,0.07151835975314622
BTC-26MAR27-72000-P,put,64777.56,72000.0,0.797668690980118,0.045,14655.92295,0.5135956760991368,13048.14186649771,12348.943450758868,699.1984157388415,0.053586052550064385
BTC-26MAR27-74000-C,call,64780.71,74000.0,0.797668690980118,0.045,6882.9504375,0.4080456444906992,7747.225809332194,7211.354123866565,535.8716854656295,0.06916949352633124
BTC-26MAR27-74000-P,put,64780.71,74000.0,0.797668690980118,0.045,16000.83537,0.5167891439615026,14357.38667239053,13688.508055476592,668.8786169139385,0.04658776922127493
BTC-26MAR27-76000-C,call,64780.28,76000.0,0.797668690980118,0.045,6283.68716,0.40831533380683,7184.802867939965,6469.679869840955,715.1229980990101,0.09953272361723838
BTC-26MAR27-76000-P,put,64779.92,76000.0,0.797668690980118,0.045,17409.603499999997,0.5208885543839666,15725.083789076714,15011.71475151469,713.3690375620245,0.045365038885043
BTC-26MAR27-78000-C,call,64780.19,78000.0,0.797668690980118,0.045,5700.65672,0.4071497840260893,6675.574780294719,6034.831386202418,640.7433940923011,0.09598325465301925
BTC-26MAR27-78000-P,put,64780.19,78000.0,0.797668690980118,0.045,18851.03529,0.5247740527657763,17145.221635950787,16302.395968790725,842.825667160063,0.04915805027523192
BTC-26MAR27-80000-C,call,64779.83,80000.0,0.797668690980118,0.045,5263.361187500001,0.410489405505271,6216.005005383817,5277.2071121030895,938.7978932807273,0.15102914049580302
BTC-26MAR27-80000-P,put,64780.49,80000.0,0.797668690980118,0.045,20357.2689825,0.5299490450438236,18615.07572342021,17739.354312701915,875.7214107182954,0.047043666312703895
BTC-26MAR27-82000-C,call,64780.49,82000.0,0.797668690980118,0.045,4777.5611375,0.4097503240475848,5803.36581622413,5039.711999163457,763.6538170606727,0.1315880889200144
BTC-26MAR27-82000-P,put,64780.68,82000.0,0.797668690980118,0.045,22657.04283,0.5685258821873347,20131.552660031455,19128.298263208904,1003.2543968225509,0.049834924000391696
BTC-26MAR27-84000-C,call,64780.68,84000.0,0.797668690980118,0.045,4405.0862400000005,0.4124946123453942,5434.044669760497,4514.804428472607,919.2402412878901,0.16916317350192214
BTC-26MAR27-84000-P,put,64780.49,84000.0,0.797668690980118,0.045,24276.488627500003,0.5762025422910398,21691.781631391328,20867.022952254967,824.758679136361,0.03802171223883284
BTC-26MAR27-85000-C,call,64781.26,85000.0,0.797668690980118,0.045,4210.7819,0.4128622615631001,5264.91422086139,4298.131799518213,966.7824213431777,0.1836273832368351
BTC-26MAR27-85000-P,put,64787.98,85000.0,0.797668690980118,0.045,25089.145255,0.5799360026325469,22481.957308548233,21684.50121473293,797.4560938153045,0.035470937110626516
BTC-26MAR27-86000-C,call,64787.98,86000.0,0.797668690980118,0.045,4033.051755,0.413528824994778,5107.299972233697,4198.851077570431,908.4488946632664,0.1778726332117032
BTC-26MAR27-86000-P,put,64792.34,86000.0,0.797668690980118,0.045,25916.936,0.5839934020748192,23283.968762838616,22344.921199139564,939.0475636990523,0.04033021918487449
BTC-26MAR27-88000-C,call,64792.68,88000.0,0.797668690980118,0.045,3709.38093,0.4154193341129955,4817.294777002873,3714.9032018940416,1102.3915751088316,0.2288403816124151
BTC-26MAR27-88000-P,put,64792.68,88000.0,0.797668690980118,0.045,27569.28534,0.5909849533953756,24921.86661415331,23928.025548733436,993.8410654198742,0.03987827560458351
BTC-26MAR27-90000-C,call,64802.05,90000.0,0.797668690980118,0.045,3402.107625,0.4166177078655961,4563.312140644046,3533.408445371605,1029.903695272441,0.22569214279676358
BTC-26MAR27-90000-P,put,64802.4,90000.0,0.797668690980118,0.045,29258.2836,0.5989147356375817,26587.729877426675,25650.524638249946,937.2052391767284,0.03524953967478162
BTC-26MAR27-92000-C,call,64805.79,92000.0,0.797668690980118,0.045,3126.8793675,0.4181806556930357,4340.3523250422695,3168.849995217019,1171.5023298252504,0.26990950090989246
BTC-26MAR27-92000-P,put,64805.91,92000.0,0.797668690980118,0.045,30961.023502500004,0.6064221098402298,28290.685935191126,27168.227817358624,1122.4581178325025,0.03967588910370898
BTC-26MAR27-94000-C,call,64808.96,94000.0,0.797668690980118,0.045,2867.79648,0.4193065797251153,4147.436590392923,2936.3768875347846,1211.0597028581383,0.2920019815766259
BTC-26MAR27-94000-P,put,64810.41,94000.0,0.797668690980118,0.045,32713.0544475,0.6153988044726568,30023.008643415917,28908.34310426835,1114.6655391475651,0.03712704320830993
BTC-26MAR27-95000-C,call,64810.41,95000.0,0.797668690980118,0.045,2770.645027499994,0.4212204488460975,4061.582298243733,2900.1290829954387,1161.4532152482943,0.2859607734036358
BTC-26MAR27-95000-P,put,64810.41,95000.0,0.797668690980118,0.045,33604.197585,0.6202407957300187,30901.614622440233,29554.348587903638,1347.2660345365948,0.0435985643791646
BTC-26MAR27-96000-C,call,64810.79,96000.0,0.797668690980118,0.045,2657.2423900000003,0.4219488308542888,3982.28084524342,2696.3035212639766,1285.9773239794436,0.32292481970865045
BTC-26MAR27-96000-P,put,64810.07,96000.0,0.797668690980118,0.045,34495.1597575,0.6248918858124999,31787.269301095694,30314.430251961163,1472.8390491345308,0.04633424265492861
BTC-26MAR27-98000-C,call,64810.07,98000.0,0.797668690980118,0.045,2446.5801425,0.4234946496099565,3842.7315403633347,2480.4855802236857,1362.245960139649,0.3544993830120246
BTC-26MAR27-98000-P,put,64810.16,98000.0,0.797668690980118,0.045,36293.6896,0.6344940584460692,33577.25233952666,32062.255599538825,1514.996739987837,0.0451197353693055
BTC-26MAR27-100000-C,call,64807.56,100000.0,0.797668690980118,0.045,2252.06271,0.4249213404120874,3727.1241453696503,2175.046859731596,1552.077285638054,0.4164275793083682
BTC-26MAR27-100000-P,put,64807.56,100000.0,0.797668690980118,0.045,38090.64339,0.6433225818788989,35393.71396031334,33738.117899747085,1655.596060566255,0.046776556493129264
BTC-26MAR27-102000-C,call,64805.99,102000.0,0.797668690980118,0.045,2089.9931775,0.4273478490800514,3634.100809375019,2025.5494920143296,1608.5513173606892,0.44262704909314904
BTC-26MAR27-102000-P,put,64806.26,102000.0,0.797668690980118,0.045,39904.454595,0.6524054841135024,37231.50622246232,35930.72016627188,1300.786056190438,0.03493777685001781
BTC-26MAR27-104000-C,call,64806.8,104000.0,0.797668690980118,0.045,1944.204,0.4298909527421251,3562.114024852539,1846.3633848481288,1715.7506400044101,0.4816664003548952
BTC-26MAR27-104000-P,put,64806.8,104000.0,0.797668690980118,0.045,41751.7809,0.6626105133054659,39088.42983239397,37598.15191291581,1490.2779194781615,0.038125806686742765
BTC-26MAR27-105000-C,call,64806.88,105000.0,0.797668690980118,0.045,1863.197799999993,0.4302713610624528,3533.3746759028345,1688.3527897876954,1845.021886115139,0.5221698957367735
BTC-26MAR27-105000-P,put,64807.25,105000.0,0.797668690980118,0.045,40990.58562500001,0.5839116849189105,40024.01798606709,38332.55480328812,1691.4631827789708,0.04226120384434647
BTC-26MAR27-106000-C,call,64807.25,106000.0,0.797668690980118,0.045,1782.199375,0.4303967892068376,3509.281812242506,1766.1146506127727,1743.1671616297333,0.4967304579382903
BTC-26MAR27-106000-P,put,64807.3,106000.0,0.797668690980118,0.045,43599.111075,0.6723327896771896,40964.585112625326,39175.72393883671,1788.8611737886167,0.04366848019747887
BTC-26MAR27-108000-C,call,64807.39,108000.0,0.797668690980118,0.045,1652.588445,0.432278809525607,3474.2160929173274,1520.4060673891327,1953.8100255281947,0.5623743524507033
BTC-26MAR27-108000-P,put,64807.68,108000.0,0.797668690980118,0.045,45462.58752,0.6823788493754313,42858.639872149295,41034.49694390725,1824.1429282420431,0.04256184829205046
BTC-26MAR27-110000-C,call,64809.36,110000.0,0.797668690980118,0.045,1555.42464,0.4357917402597036,3455.7631216845216,1500.738958501627,1955.0241631828947,0.5657286377400522
BTC-26MAR27-110000-P,put,64809.36,110000.0,0.797668690980118,0.045,47359.43982,0.6936768339508691,44767.96791812258,42468.67484650495,2299.293071617627,0.051360228720295505
BTC-26MAR27-112000-C,call,64809.36,112000.0,0.797668690980118,0.045,1442.0082599999998,0.4373542573311261,3452.465181252479,1261.6630378979178,2190.802143354561,0.6345616909479694
BTC-26MAR27-112000-P,put,64808.77,112000.0,0.797668690980118,0.045,49238.4630075,0.7036481717748299,46694.713574090034,44643.69059653387,2051.0229775561675,0.0439240937692407
BTC-26MAR27-115000-C,call,64808.77,115000.0,0.797668690980118,0.045,1296.1754,0.4402839542866809,3473.8023519449107,1101.4474797190617,2372.3548722258492,0.6829274183943184
BTC-26MAR27-115000-P,put,64809.52,115000.0,0.797668690980118,0.045,52090.6517,0.7196436345271991,49609.57878604618,47246.29742217944,2363.281363866736,0.04763760188448651
BTC-26MAR27-120000-C,call,64813.35,120000.0,0.797668690980118,0.045,1118.0302875,0.4476561178130125,3571.527474446584,918.526817513885,2653.0006569326993,0.7428196131527134
BTC-26MAR27-120000-P,put,64809.47,120000.0,0.797668690980118,0.045,56886.5122925,0.7467635982580486,54531.014267128005,51938.61965843567,2592.3946086923315,0.047539820110315836
BTC-26MAR27-125000-C,call,64813.35,125000.0,0.797668690980118,0.045,955.9969125,0.4532284043459179,3735.5407969057446,662.9958666007474,3072.5449303049973,0.8225167646007437
BTC-26MAR27-125000-P,put,64815.67,125000.0,0.797668690980118,0.045,61753.1295925,0.7759213023097042,59512.518653552674,56185.18354800206,3327.3351055506137,0.05590983512091677
BTC-26MAR27-130000-C,call,64815.67,130000.0,0.797668690980118,0.045,842.60371,0.4609563826510896,3955.2339545401474,588.2372392331098,3366.9967153070374,0.8512762466154797
BTC-26MAR27-130000-P,put,64816.64,130000.0,0.797668690980118,0.045,66615.30176000002,0.8031712653675424,64554.95273562615,61360.38699185781,3194.5657437683403,0.0494859899727778
BTC-26MAR27-140000-C,call,64818.46,140000.0,0.797668690980118,0.045,664.3892149999934,0.4752933855596886,4529.0465852482,358.1026967506324,4170.943888497568,0.9209319908704344
BTC-26MAR27-140000-P,put,64818.94,140000.0,0.797668690980118,0.045,76421.53025999998,0.8579833365782579,74773.88243297869,70617.02545011339,4156.856982865298,0.0555923652431873
BTC-26MAR27-150000-C,call,64828.53,150000.0,0.797668690980118,0.045,534.8353725000001,0.488542337007814,5241.514711880065,251.21160588880215,4990.303105991263,0.9520727080438365
BTC-26MAR27-150000-P,put,64828.7,150000.0,0.797668690980118,0.045,86303.206875,0.9126127686007846,85124.02286082301,80063.97737631519,5060.04548450782,0.05944321373040543
BTC-26MAR27-160000-C,call,64831.96,160000.0,0.797668690980118,0.045,437.61573,0.5008185357326798,6060.597120410845,164.32036183223008,5896.276758578614,0.9728871003025703
BTC-26MAR27-160000-P,put,64831.43,160000.0,0.797668690980118,0.045,96209.84212,0.9646734496030046,95587.87035865482,89583.84960393615,6004.020754718673,0.06281153385038304
BTC-26MAR27-170000-C,call,64832.79,170000.0,0.797668690980118,0.045,353.3387055,0.5100524115025897,6964.145288658761,94.95763825045151,6869.18765040831,0.9863647821355636
BTC-26MAR27-170000-P,put,64808.14,170000.0,0.797668690980118,0.045,106074.723145,1.010593506610708,106165.49154878616,99562.26469407033,6603.226854715831,0.062197487699489004
BTC-26MAR27-180000-C,call,64808.79,180000.0,0.797668690980118,0.045,317.563071,0.5261193102578428,7940.854832264617,65.65617346635557,7875.198658798261,0.9917318506819207
BTC-26MAR27-180000-P,put,64808.53,180000.0,0.797668690980118,0.045,116088.2793625,1.0623310613614363,116785.83516222925,108667.86074240207,8117.97441982718,0.06951163562387819
BTC-26MAR27-190000-C,call,64808.16,190000.0,0.797668690980118,0.045,268.953864,0.5357433041673894,8973.240791614771,62.12957041630308,8911.111221198467,0.9930761280278624
BTC-26MAR27-200000-C,call,64813.53,200000.0,0.797668690980118,0.045,239.810061,0.5478269262729243,10056.038491181034,42.22645098148387,10013.812040199551,0.9958008861025627
