instrument_name,option_type,underlying_price_S,strike_K,time_to_maturity_T,risk_free_rate_r,option_price_V,implied_vol,price_heston_analytical,price_heston_monte_carlo,mc_error_abs,mc_error_rel,equiv_call,price_pinn,pinn_error_abs,pinn_error_rel
BTC-8JUN26-60000-C,call,62901.03,60000.0,0.001,0.045,2924.897895,0.8179134810254531,2916.0639606221303,2905.1316194660976,10.932341156032637,0.0037490059558571,2916.0639606221303,3704.768798828125,788.7048382059947,0.2704689776549784
BTC-8JUN26-60500-C,call,62910.77,60500.0,0.001,0.045,2422.064645,0.6017404689345789,2420.257218806168,2417.938351456225,2.318867349942593,0.0009581078126424,2420.257218806168,3475.138671875,1054.881453068832,0.4358551003885321
BTC-8JUN26-61000-C,call,62908.37,61000.0,0.001,0.045,1934.4323775,0.588323399571589,1915.3119953773348,1900.9655096278557,14.34648574947937,0.0074904171143422,1915.3119953773348,3246.492919921875,1331.1809245445402,0.695020408036595
BTC-8JUN26-61500-C,call,62908.37,61500.0,0.001,0.045,1446.89251,0.5083302015526625,1428.4673332272869,1429.220238397965,0.7529051706781047,0.0005270720254953,1428.4673332272869,3025.9541015625,1597.4867683352131,1.118322226330557
BTC-8JUN26-61500-P,put,62908.38,61500.0,0.001,0.045,18.872514,0.4407793745210462,17.329422048882407,14.046452298325246,3.282969750557161,0.1894448494183268,1428.4768597810616,1614.8103259396958,1597.4809038908134,92.18316106473019
BTC-8JUN26-62000-C,call,62908.61,62000.0,0.001,0.045,975.083455,0.4350741304667542,970.7756900937892,961.3630220624624,9.412668031326916,0.0096960277511868,970.7756900937892,2812.46533203125,1841.6896419374607,1.8971320159032106
BTC-8JUN26-62000-P,put,62908.61,62000.0,0.001,0.045,34.5997355,0.3627751690990277,59.37575286784704,54.806735314533775,4.569017553313266,0.076950898853991,970.7756900937893,1901.0653948053077,1841.6896419374607,31.01753751293933
BTC-8JUN26-62500-C,call,62909.52,62500.0,0.001,0.045,503.27616,0.3079301963724843,575.3627785473,573.3051051288722,2.0576734184277257,0.0035763061065976,575.3627785473,2606.053466796875,2030.690688249575,3.529409207486011
BTC-8JUN26-62500-P,put,62910.66,62500.0,0.001,0.045,100.6570559999937,0.3236468096649322,162.69202180505818,162.04388119256967,0.6481406124885041,0.0039838500087307,576.1644585247632,2193.065649217795,2030.3736274127368,12.479859828932383
BTC-8JUN26-63000-C,call,62911.56,63000.0,0.001,0.045,173.00679,0.2682901595639196,287.1807177716182,286.99029060006103,0.1904271715571894,0.0006630917738308,287.1807177716182,2406.85107421875,2119.670356447132,7.380963363051447
BTC-8JUN26-63000-P,put,62911.56,63000.0,0.001,0.045,261.082974,0.2714413557875562,372.7857815581665,374.9992542173488,2.213472659182287,0.0059376531205949,287.1807177716182,2492.4561380052983,2119.670356447132,5.686027904785836
BTC-8JUN26-63500-C,call,62920.43,63500.0,0.001,0.045,34.606236499993706,0.2591278450880495,121.75674405453174,119.2808328538291,2.4759112007026403,0.0203348998852477,121.75674405453174,2217.01220703125,2095.2554629767183,17.2085372292668
BTC-8JUN26-63500-P,put,62922.53,63500.0,0.001,0.045,644.9559324999937,0.3309478731390251,696.8658196639735,703.5900926679172,6.724273003943722,0.0096493081081034,122.25325537118624,2792.4880525740373,2095.6222329100638,3.007210532897949
BTC-8JUN26-64000-C,call,62921.63,64000.0,0.001,0.045,15.7304075,0.3354502826014526,43.61743231187575,38.04646258047211,5.570969731403636,0.1277234682585115,43.61743231187575,2030.5091552734375,1986.8917229615618,45.552698030337496
BTC-8JUN26-64500-P,put,62921.1,64500.0,0.001,0.045,1997.744925,1.2720564730510324,1588.3594332823925,1589.7185053505816,1.3590720681893345,0.0008556451642565,12.361867977124348,3425.838629758393,1837.4791964760004,1.1568409252802399
BTC-8JUN26-65500-P,put,62921.24,65500.0,0.001,0.045,2658.42239,0.9537210322882568,2583.760633112506,2584.3754078143907,0.6147747018844711,0.000237937947504,7.948066794750048,4083.843816317756,1500.08318320525,0.5805813293928033
BTC-9JUN26-58500-C,call,62962.21,58500.0,0.0031481430349124,0.045,4533.279119999999,0.814704095069398,4493.84660503365,4463.585639293718,30.260965739932544,0.0067338670852798,4493.84660503365,4512.1923828125,18.34577777884988,0.004082421896265973
BTC-9JUN26-58500-P,put,62962.21,58500.0,0.0031481430349124,0.045,110.1838675,0.9239584901793793,23.349705495864328,0.3489816106884466,23.00072388517588,0.98505413223519,4493.84660503365,41.695483274714206,18.34577777884988,0.7856963241827295
BTC-9JUN26-59000-C,call,62965.13,59000.0,0.0031481430349124,0.045,4061.250885,0.7967432700554095,3993.151829917675,3980.8623835196345,12.289446398040582,0.0030776306340182,3993.151829917675,4256.79931640625,263.64748648857494,0.06602490907389576
BTC-9JUN26-59000-P,put,62969.81,59000.0,0.0031481430349124,0.045,138.5335819999937,0.893440610966494,19.690966659145488,1.09022758440345,18.60073907474204,0.9446331100308328,3997.8586943981063,281.1423308547892,261.4513641956437,13.27773129280133
BTC-9JUN26-59500-C,call,62965.16,59500.0,0.0031481430349124,0.045,3589.014119999994,0.7673437524940349,3491.702873292692,3468.0608545275254,23.64201876516654,0.006770913683979,3491.702873292692,4007.055908203125,515.353034910433,0.1475936108001231
BTC-9JUN26-59500-P,put,62965.16,59500.0,0.0031481430349124,0.045,176.302448,0.8633973480053823,18.114317352548824,3.711441108214529,14.402876244334294,0.7951100758598391,3491.702873292692,533.4673522629819,515.353034910433,28.450038987415606
BTC-9JUN26-60000-C,call,62965.35,60000.0,0.0031481430349124,0.045,3164.0088375,0.7901208537809242,2994.967198220089,2991.955492085803,3.01170613428576,0.001005589021501,2994.967198220089,3764.5029296875,769.5357314674111,0.2569429581481716
BTC-9JUN26-60000-P,put,62964.66,60000.0,0.0031481430349124,0.045,223.524543,0.832672511710928,21.126284789977944,9.8528877027154,11.273397087262545,0.5336194792096387,2994.2856689312976,791.0102935930554,769.8840088030774,36.44199708830495
BTC-9JUN26-60500-C,call,62966.06,60500.0,0.0031481430349124,0.045,2723.282095,0.7637236369968219,2508.0195236965155,2476.839239651669,31.18028404484676,0.0124322333818561,2508.0195236965155,3529.3447265625,1021.3252028659845,0.40722378482950383
BTC-9JUN26-60500-P,put,62969.11,60500.0,0.0031481430349124,0.045,280.2125395,0.7990464859916171,33.27814888484863,23.033253484835924,10.244895400012709,0.3078565287829803,2510.958361227342,1053.1791626575068,1019.9010137726582,30.64776881976791
BTC-9JUN26-61000-C,call,62969.97,61000.0,0.0031481430349124,0.045,2314.1463975,0.7486570568728643,2041.2698406801649,2036.2420650570537,5.027775623110983,0.0024630627087674,2041.2698406801649,3302.6982421875,1261.4284015073351,0.6179625918967278
BTC-9JUN26-61000-P,put,62978.26,61000.0,0.0031481430349124,0.045,362.124995,0.7757659247245622,62.00272228087124,51.3214682543633,10.681254026507936,0.1722707267290949,2048.9037628245496,1319.7766938313216,1257.7739715504504,20.285786257138138
BTC-9JUN26-61500-C,call,62969.1,61500.0,0.0031481430349124,0.045,1904.815275,0.7153982988757287,1598.705536954389,1589.6504937936943,9.055043160694368,0.0056639843619636,1598.705536954389,3080.709228515625,1482.003691561236,0.9270022886043946
BTC-9JUN26-61500-P,put,62967.36,61500.0,0.0031481430349124,0.045,440.77151999999376,0.7267381588663153,121.15238929008774,117.28033632719496,3.8720529628927807,0.0319601865516785,1597.2242580349412,1603.8307191457716,1482.6783298556838,12.238127027817448
BTC-9JUN26-62000-C,call,62967.36,62000.0,0.0031481430349124,0.045,1526.95848,0.6872401485506262,1198.0922157226378,1200.7623181178335,2.670102395195954,0.0022286284479241,1198.0922157226378,2865.251708984375,1667.1594932617372,1.3915118313795054
BTC-9JUN26-62000-P,put,62967.28,62000.0,0.0031481430349124,0.045,582.4473399999999,0.7117078646310422,221.9691968847037,221.09679523066384,0.8724016540398623,0.0039302825179522,1198.0318938307319,1889.1738753195968,1667.2046784348931,7.51097315228329
BTC-9JUN26-62500-C,call,62961.62,62500.0,0.0031481430349124,0.045,1180.530375,0.6597987198939477,851.1195521282789,853.8213704024732,2.701818274194352,0.0031744286304295,851.1195521282789,2654.93603515625,1803.8164830279711,2.1193456060519495
BTC-9JUN26-62500-P,put,62963.76,62500.0,0.0031481430349124,0.045,724.08324,0.6706373519515855,379.8573140169756,373.26212378152326,6.595190235452321,0.0173622831312854,852.4708391641834,2183.253906493417,1803.3965924764416,4.747563166299462
BTC-9JUN26-63000-C,call,62964.96,63000.0,0.0031481430349124,0.045,881.50944,0.6345709813621154,575.3032179803995,574.7796994121697,0.523518568229747,0.0009099872065161,575.3032179803995,2455.339599609375,1880.0363816289755,3.2679052069773546
BTC-9JUN26-63000-P,put,62969.3,63000.0,0.0031481430349124,0.045,913.0548499999936,0.6399542140211908,599.2390918832825,599.8301848051847,0.5910929219021455,0.0009864058101491,577.4634452316677,2478.93262907349,1879.6935371902073,3.136800590366569
BTC-9JUN26-63500-C,call,62968.86,63500.0,0.0031481430349124,0.045,613.946385,0.6003196883719693,366.4842315155365,366.8980119192447,0.4137804037081309,0.0011290537712823,366.4842315155365,2262.554931640625,1896.0707001250885,5.173676074095176
BTC-9JUN26-63500-P,put,62960.75,63500.0,0.0031481430349124,0.045,1164.773875,0.6177185694320076,893.789783663975,880.7702462647502,13.01953739922476,0.0145666661637738,363.5349652135337,2789.5004239191912,1895.7106402552163,2.1209804306377245
BTC-9JUN26-64000-C,call,62957.61,64000.0,0.0031481430349124,0.045,409.224465,0.5806815386384244,215.87562240081388,203.6439524642832,12.231669936530665,0.0566607280641454,215.87562240081388,2070.29296875,1854.4173463491861,8.590211927246282
BTC-9JUN26-64000-P,put,62935.62,64000.0,0.0031481430349124,0.045,1541.92269,0.6473548288624594,1265.874459051549,1250.6466184547062,15.227840596842723,0.0120295029953065,210.56046880229405,3116.936060561755,1851.061601510206,1.4622789710893653
BTC-9JUN26-64500-C,call,62937.27,64500.0,0.0031481430349124,0.045,264.336534,0.5726303543399675,118.44013495602668,111.5999556828846,6.840179273142056,0.057752207692786,118.44013495602668,1881.3818359375,1762.9417009814733,14.88466474338282
BTC-9JUN26-64500-P,put,62933.55,64500.0,0.0031481430349124,0.045,2190.08754,0.8846653512106853,1675.2054592967615,1684.118277142077,8.91281784531543,0.0053204326644547,117.89229724868346,3437.259939391828,1762.0544800950665,1.051843802392313
BTC-9JUN26-65000-C,call,62933.55,65000.0,0.0031481430349124,0.045,157.333875,0.5568703401953068,64.01262833162946,61.155139082787855,2.8574892488416026,0.044639461358122,64.01262833162946,1705.495849609375,1641.4832212777455,25.643115492363993
BTC-9JUN26-65500-C,call,62931.97,65500.0,0.0031481430349124,0.045,88.104758,0.5439619303927101,35.75936351571272,25.440511517794736,10.318851997917983,0.2885636371403497,35.75936351571272,1536.7813720703125,1501.0220085545998,41.97563549740052
BTC-9JUN26-66000-C,call,62932.29,66000.0,0.0031481430349124,0.045,56.639061,0.5571155846627517,23.25090421334039,12.200077047620246,11.050827165720143,0.4752859099294575,23.25090421334039,1374.98095703125,1351.7300528179096,58.13666601586805
BTC-9JUN26-67000-C,call,62949.58,67000.0,0.0031481430349124,0.045,18.884874,0.5629863852252853,20.075706513562874,2.1813762638688963,17.89433024969398,0.8913424908660033,20.075706513562874,1074.8555908203125,1054.7798843067496,52.54011277730897
BTC-9JUN26-68000-C,call,62953.68,68000.0,0.0031481430349124,0.045,9.443052,0.6093872913170046,27.13843919087219,0.0802885561470147,27.058150634725177,0.9970415190209604,27.13843919087219,793.7343139648438,766.5958747739716,28.247603680605565
BTC-9JUN26-68000-P,put,62951.65,68000.0,0.0031481430349124,0.045,5099.0836500000005,0.8246351326405414,5065.874995310318,5044.569669343941,21.305325966376586,0.0042056556835886,27.157630670481012,5831.842059464056,765.9670641537377,0.15120133537894717
BTC-10JUN26-57000-P,put,62924.34,57000.0,0.0058878690623097,0.045,141.57976499999998,0.9023365615428736,41.82554698228341,0.4474600651822135,41.3780869171012,0.9893017522192418,5981.265930584435,0.0,41.82554698228341,1.0
BTC-10JUN26-58000-C,call,62929.81,58000.0,0.0058878690623097,0.045,5128.779515,0.8335335667821588,4977.898317341234,4964.289241117728,13.609076223506236,0.0027339000027575,4977.898317341234,4793.51025390625,184.38806343498436,0.037041347910350374
BTC-10JUN26-58000-P,put,62930.97,58000.0,0.0058878690623097,0.045,204.5256525,0.8587307838315413,32.72930739097501,3.651809495291994,29.077497895683017,0.8884238688075946,4979.064610003697,0.0,32.72930739097501,1.0
BTC-10JUN26-58500-P,put,62935.23,58500.0,0.0058878690623097,0.045,245.447397,0.8366033859927007,31.64944288465631,6.848855925244044,24.800586959412264,0.78360263875089,4482.37720500266,81.86940585074626,50.21996296608995,1.5867566184059643
BTC-10JUN26-59000-P,put,62938.33,59000.0,0.0058878690623097,0.045,292.6632345,0.8125457192456683,35.08576904040092,14.220445329990817,20.865323710410102,0.5946947802792604,3989.0459906636897,323.5431963454612,288.45742730506026,8.221493648119965
BTC-10JUN26-59500-C,call,62938.89,59500.0,0.0058878690623097,0.045,4799.0903625,1.4587392354919635,3500.7319341127586,3491.8950748198554,8.836859292903227,0.0025242890513246,3500.7319341127586,4028.18798828125,527.4560541684914,0.15067022099827596
BTC-10JUN26-59500-P,put,62943.24,59500.0,0.0058878690623097,0.045,346.18782,0.7861867537371753,45.9502184753801,28.411494965094143,17.53872351028595,0.3816896652990478,3504.9528996039444,571.4570356683107,525.5068171929306,11.436437837058262
BTC-10JUN26-60000-C,call,62944.29,60000.0,0.0058878690623097,0.045,4358.8920825000005,1.391686453686929,3028.9142976469448,2994.254029854589,34.660267792355626,0.0114431325505914,3028.9142976469448,3788.467041015625,759.5527433686802,0.2507673274079592
BTC-10JUN26-60000-P,put,62943.81,60000.0,0.0058878690623097,0.045,424.8707175,0.7700808761641643,68.75663432668807,54.96602139988615,13.790612926801929,0.2005713784836769,3028.4617749605313,828.5158066317817,759.7591723050937,11.049976191318473
BTC-10JUN26-60500-C,call,62945.58,60500.0,0.0058878690623097,0.045,2942.705865,0.728278926230788,2570.7570918702404,2572.3354590340787,1.5783671638382657,0.0006139697791089,2570.7570918702404,3553.676025390625,982.9189335203846,0.3823460943193608
BTC-10JUN26-60500-P,put,62945.45,60500.0,0.0058878690623097,0.045,503.5636,0.7435296896471585,109.16216766436264,101.5685857859378,7.593581878424843,0.0695623954791057,2570.639767803492,1092.1151732983708,982.9530056340082,9.004520766354345
BTC-10JUN26-61000-C,call,62939.85,61000.0,0.0058878690623097,0.045,2549.063925,0.7128876524166622,2131.286972892325,2116.4368878931277,14.85008499919786,0.0069676609429302,2131.286972892325,3322.497314453125,1191.2103415607999,0.5589159773938059
BTC-10JUN26-61000-P,put,62940.9,61000.0,0.0058878690623097,0.045,597.93855,0.7161076685616582,175.11600877522142,174.6175930239585,0.498415751262911,0.0028462032383497,2132.1760684196342,1365.9182118399622,1190.8022030647408,6.800076197449499
BTC-10JUN26-61500-C,call,62948.88,61500.0,0.0058878690623097,0.045,2155.99914,0.6792967643857873,1736.4803926610984,1754.4730135714217,17.99262091032324,0.0103615456796204,1736.4803926610984,3105.298095703125,1368.8177030420266,0.7882713267751668
BTC-10JUN26-61500-P,put,62940.56,61500.0,0.0058878690623097,0.045,723.81644,0.6968904511896967,273.1646680500926,269.47719978924306,3.687468260849528,0.0134990673836827,1730.0171871997882,1644.5759476471794,1371.4112795970868,5.0204563034689365
BTC-10JUN26-62000-C,call,62940.2,62000.0,0.0058878690623097,0.045,1825.2657999999933,0.6752461004232064,1367.661702878344,1361.00343780781,6.658265070533844,0.0048683567409404,1367.661702878344,2886.765869140625,1519.104166262281,1.11073093811519
BTC-10JUN26-62000-P,put,62939.23,62000.0,0.0058878690623097,0.045,881.14922,0.6818809406349025,411.33586900218506,407.806672086839,3.5291969153460627,0.0085798423655762,1366.9908476571654,1930.6528826731446,1519.3170136709596,3.693616648012014
BTC-10JUN26-62500-C,call,62939.02,62500.0,0.0058878690623097,0.045,1494.801725,0.6532256277537615,1050.5380759440525,1042.636785045558,7.901290898494381,0.0075211846951801,1050.5380759440525,2678.544189453125,1628.0061135090725,1.5496878702336285
BTC-10JUN26-62500-P,put,62936.98,62500.0,0.0058878690623097,0.045,1069.92866,0.6689243313675448,595.783687286239,586.0471114068148,9.736575879424208,0.0163424680587912,1049.3211254464986,2224.1283333241154,1628.3446460378764,2.733113847837785
BTC-10JUN26-63000-C,call,62937.99,63000.0,0.0058878690623097,0.045,1195.82181,0.6322014845994779,782.9209290424151,782.3420691443241,0.5788598980909683,0.000739359335813,782.9209290424151,2477.172119140625,1694.25119009821,2.1640131554158812
BTC-10JUN26-63000-P,put,62941.23,63000.0,0.0058878690623097,0.045,1258.8246,0.6422136789734381,826.6117052646514,824.0486301482217,2.563075116429673,0.0031007002442689,784.5316029301976,2520.622826943829,1694.0111216791774,2.049343253779374
BTC-10JUN26-63500-C,call,62946.46,63500.0,0.0058878690623097,0.045,944.1969,0.6167662108113934,569.1189878264668,576.2420551896419,7.123067363175096,0.0125159545113385,569.1189878264668,2286.38671875,1717.2677309235332,3.017414227351618
BTC-10JUN26-63500-P,put,62946.85,63500.0,0.0058878690623097,0.045,1510.7244,0.6325337769771389,1105.602534756159,1074.5987185166848,31.00381623947419,0.0280424612506085,569.2748919269798,2822.8581604073042,1717.2556256511452,1.5532305432258136
BTC-10JUN26-64000-C,call,62949.01,64000.0,0.0058878690623097,0.045,723.913615,0.6017129133785212,399.4270053482287,385.4077564543106,14.019248893918077,0.0350984002238301,399.4270053482287,2099.599609375,1700.1726040267713,4.256528930848143
BTC-10JUN26-64000-P,put,62949.01,64000.0,0.0058878690623097,0.045,1794.046784999994,0.6214538780374365,1433.4621886721216,1439.4032931613394,5.941104489217878,0.0041445840261202,399.42700534822507,3133.6347926988965,1700.172604026775,1.186060307319106
BTC-10JUN26-64500-C,call,62947.78,64500.0,0.0058878690623097,0.045,535.05613,0.5857228538287278,271.22447112444024,269.6422429154614,1.5822282089788473,0.0058336484256721,271.22447112444024,1917.7843017578125,1646.5598306333723,6.070838017702008
BTC-10JUN26-64500-P,put,62944.42,64500.0,0.0058878690623097,0.045,2155.8463850000003,0.6345454433262379,1808.9565370705384,1804.0630155141807,4.893521556357882,0.0027051625929512,270.4638132519249,3454.9857658108012,1646.0292287402629,0.9099329889958974
BTC-10JUN26-65000-C,call,62944.42,65000.0,0.0058878690623097,0.045,393.402625,0.5785167347924615,179.20450365625584,166.62956732149163,12.574936334764203,0.0701708722615868,179.20450365625584,1741.6446533203125,1562.4401496640567,8.718754929625417
BTC-10JUN26-65000-P,put,62944.52,65000.0,0.0058878690623097,0.045,2407.62789,0.5624946246336899,2217.480642617411,2206.10125208671,11.37939053070113,0.0051316752498319,179.22037830407498,3779.931406891461,1562.45076427405,0.7046062699468735
BTC-10JUN26-66000-C,call,62944.52,66000.0,0.0058878690623097,0.045,188.83356,0.5578570186884044,77.20752842892853,61.20321259055728,16.004315838371248,0.207289576081996,77.20752842892853,1410.7813720703125,1333.573843641384,17.272588188973984
BTC-10JUN26-67000-C,call,62942.0,67000.0,0.0058878690623097,0.045,84.9717,0.5497428209230687,40.58676492731957,23.16180041842124,17.424964508898324,0.4293262727419134,40.58676492731957,1103.5565185546875,1062.969753627368,26.19005864426181
BTC-10JUN26-68000-C,call,62942.16,68000.0,0.0058878690623097,0.045,37.765296,0.5520704698906941,34.51410215190646,5.112633606021236,29.401468545885223,0.8518682715975323,34.51410215190646,820.9093627929688,786.3952606410624,22.78475207554035
BTC-10JUN26-69000-C,call,62943.04,69000.0,0.0058878690623097,0.045,18.882912,0.5698375526882872,40.77789153993987,1.2850504690945357,39.49284107084534,0.96848658867426,40.77789153993987,561.3136596679688,520.5357681280288,12.765146712359822
BTC-11JUN26-56000-P,put,62949.23,56000.0,0.008627595089707,0.045,166.8154595,0.8832858037328823,58.4226958677973,0.5800138966704802,57.84268197112682,0.9900721134474354,7029.390015552992,0.0,58.4226958677973,1.0
BTC-11JUN26-57000-P,put,62945.87,57000.0,0.008627595089707,0.045,223.4578385,0.8400815467492189,47.00080244032142,4.04481513338274,42.95598730693868,0.9139415728376428,6014.996288548464,0.0,47.00080244032142,1.0
BTC-11JUN26-58000-C,call,62941.7,58000.0,0.008627595089707,0.045,6121.080325,1.3451469396413216,5009.571212218114,4976.250968950517,33.32024326759711,0.0066513164213197,5009.571212218114,4835.75146484375,173.81974737436394,0.034697529990276525
BTC-11JUN26-58000-P,put,62945.31,58000.0,0.008627595089707,0.045,302.137488,0.7984317154255836,45.33817454375094,11.530191863462973,33.807982680287964,0.7456846911130831,5013.161827074837,0.0,45.33817454375094,1.0
BTC-11JUN26-59000-C,call,62945.31,59000.0,0.008627595089707,0.045,5271.669712499993,1.2673908491550203,4034.345855372456,4032.735090382919,1.610764989537074,0.0003992629901554,4034.345855372456,4316.35205078125,282.00619540879416,0.06990134349370475
BTC-11JUN26-59000-P,put,62951.41,59000.0,0.008627595089707,0.045,409.184165,0.757200176814473,65.91769781585026,42.169732824127976,23.747964991722284,0.3602669052257459,4040.2295167698903,345.32294667095994,279.4052488551097,4.238698530334978
BTC-11JUN26-60000-C,call,62952.46,60000.0,0.008627595089707,0.045,4438.148429999999,1.1830903122363932,3108.9660947962984,3054.0900976726066,54.87599712369183,0.0176508831072624,3108.9660947962984,3827.296630859375,718.3305360630766,0.23105126082442598
BTC-11JUN26-60000-P,put,62952.99,60000.0,0.008627595089707,0.045,566.5769099999999,0.7218795481228392,133.16567334554566,113.7964600201244,19.369213325421256,0.1454519985429049,3109.4456587225286,851.293012669892,718.1273393243464,5.392736140498534
BTC-11JUN26-60500-C,call,62953.04,60500.0,0.008627595089707,0.045,3100.4372200000003,0.6820183481080966,2671.91952121687,2651.234080306593,20.68544091027752,0.0077417904042471,2671.91952121687,3591.7900390625,919.8705178456298,0.3442732876275757
BTC-11JUN26-60500-P,put,62949.58,60500.0,0.008627595089707,0.045,660.9705899999938,0.7012536705308499,195.87963989239503,182.861078317672,13.018561574723066,0.0664620456821071,2668.9437084808596,1117.0221130521604,921.1424731597654,4.702594275064973
BTC-11JUN26-61000-C,call,62943.25,61000.0,0.008627595089707,0.045,2706.55975,0.6646455685160938,2252.4442777697623,2237.5942880101647,14.84998975959752,0.0065928333527083,2252.4442777697623,3358.305419921875,1105.8611421521127,0.49096048815337234
BTC-11JUN26-61000-P,put,62942.25,61000.0,0.008627595089707,0.045,771.0425625,0.6800762438797896,285.71233314541314,277.9671003369171,7.745232808496041,0.0271085000889832,2251.640484945354,1391.9190161688093,1106.2066830233962,3.8717498500857257
BTC-11JUN26-61500-C,call,62941.78,61500.0,0.008627595089707,0.045,2360.31675,0.6578282138379625,1871.531500677389,1862.529688306441,9.001812370947846,0.0048098642035625,1871.531500677389,3135.937744140625,1264.406243463236,0.6755997657563296
BTC-11JUN26-61500-P,put,62941.08,61500.0,0.008627595089707,0.045,912.6456599999938,0.666116006315453,406.0625803461444,403.16374662886415,2.8988337172802403,0.0071388841464021,1871.0148153575574,1670.678624363587,1264.6160440174426,3.1143378021669275
BTC-11JUN26-62000-C,call,62939.19,62000.0,0.008627595089707,0.045,1998.3192825,0.6338006668105037,1525.8517433109157,1543.6853971956468,17.833653884731348,0.0116876714680251,1525.8517433109157,2919.995361328125,1394.1436180172093,0.9136822264213458
BTC-11JUN26-62000-P,put,62938.59,62000.0,0.008627595089707,0.045,1069.95603,0.6492941530586593,562.7971720384303,560.6044392099961,2.1927328284341456,0.0038961333449707,1525.453490261316,1957.0892872458644,1394.292115207434,2.4774326959699535
BTC-11JUN26-62500-C,call,62938.68,62500.0,0.008627595089707,0.045,1699.34436,0.626765866330195,1220.981262233181,1209.3734927623775,11.607769470803303,0.0095069185988756,1220.981262233181,2711.8720703125,1490.890808079319,1.2210595315381596
BTC-11JUN26-62500-P,put,62943.97,62500.0,0.008627595089707,0.045,1258.8794,0.6375257814896735,755.8412164231922,751.3710576176194,4.470158805572851,0.0059141506290522,1224.071617857553,2245.936346612514,1490.095130189322,1.971439368232367
BTC-11JUN26-63000-C,call,62945.37,63000.0,0.008627595089707,0.045,1400.5344825,0.6068290298812244,960.9078095333898,958.080255648346,2.8275538850438124,0.0029425860181288,960.9078095333898,2513.479736328125,1552.5719267947352,1.6157345287355438
BTC-11JUN26-63000-P,put,62945.37,63000.0,0.008627595089707,0.045,1447.74351,0.6141332098618641,991.0833248875496,983.1958552582812,7.887469629268367,0.007958432385252,960.9078095333898,2543.655251682285,1552.5719267947352,1.5665402573198306
BTC-11JUN26-63500-C,call,62941.72,63500.0,0.008627595089707,0.045,1132.95096,0.5907177633242631,736.7109615254049,735.2219470936881,1.4890144317167824,0.0020211650287294,736.7109615254049,2317.412353515625,1580.7013919902201,2.145619482459283
BTC-11JUN26-63500-P,put,62941.77,63500.0,0.008627595089707,0.045,1699.42779,0.6049213449933738,1270.3133644865957,1238.506832789399,31.80653169719676,0.0250383350962001,736.7319323439078,2851.012828627063,1580.6994641404672,1.244338214751693
BTC-11JUN26-64000-C,call,62944.89,64000.0,0.008627595089707,0.045,912.7009049999936,0.5811807099598808,555.2847438578174,551.3765056001768,3.908238257640619,0.0070382597412784,555.2847438578174,2130.68212890625,1575.3973850484326,2.8370982680046737
BTC-11JUN26-64000-P,put,62943.22,64000.0,0.008627595089707,0.045,1998.447235,0.605382860198244,1586.6516922935843,1566.5171206203356,20.13457167324873,0.0126899758598834,554.7143433623714,3161.953218071838,1575.3015257782536,0.9928464661964193
BTC-11JUN26-64500-C,call,62937.88,64500.0,0.008627595089707,0.045,723.78562,0.5745011759261993,407.5927688024203,406.9156520424477,0.6771167599725914,0.001661258029582,407.5927688024203,1946.4813232421875,1538.8885544397672,3.775554112408064
BTC-11JUN26-64500-P,put,62938.38,64500.0,0.008627595089707,0.045,2328.72006,0.6063336977093469,1944.3105899889704,1924.5489468503763,19.76164313859408,0.0101638304293277,407.72732426923176,3483.2349991181763,1538.924409129206,0.7915013254841841
BTC-11JUN26-65000-C,call,62916.63,65000.0,0.008627595089707,0.045,566.2496699999999,0.5713911863087906,290.8180042549484,277.22880348548483,13.58920076946356,0.0467275085126794,290.8180042549484,1763.59814453125,1472.7801402763016,5.064267406859634
BTC-11JUN26-65000-P,put,62910.45,65000.0,0.008627595089707,0.045,2657.9665124999933,0.586123819094201,2353.8815056077947,2348.615223817858,5.266281789936784,0.0022372756561409,289.5623230995261,3825.649382703581,1471.7678770957864,0.625251472340262
BTC-11JUN26-66000-C,call,62910.22,66000.0,0.008627595089707,0.045,327.133144,0.5596064744664627,147.04929798128342,127.44541379570428,19.603884185579133,0.133315047774484,147.04929798128342,1430.716796875,1283.6674988937166,8.729504435016773
BTC-11JUN26-66000-P,put,62914.54,66000.0,0.008627595089707,0.045,3649.043319999994,0.7114729609440047,3207.352442324882,3212.807096159691,5.454653834809051,0.0017006717948512,147.51142623956548,4492.042065890004,1284.689623565122,0.4005451994025021
BTC-11JUN26-67000-C,call,62910.83,67000.0,0.008627595089707,0.045,176.150324,0.5495814716109312,78.49038894453042,57.97301284414662,20.5173761003838,0.2613998525970299,78.49038894453042,1124.8133544921875,1046.322965547657,13.33058708993147
BTC-11JUN26-68000-C,call,62917.4,68000.0,0.008627595089707,0.045,97.52197,0.5532326793719309,52.84853268713141,21.348115262858105,31.500417424273305,0.5960509369438679,52.84853268713141,844.2827758789062,791.4342431917748,14.97551971550742
BTC-11JUN26-69000-C,call,62919.43,69000.0,0.008627595089707,0.045,53.4815155,0.5604718165507276,49.24051816972696,8.131270728759683,41.10924744096727,0.8348662639834123,49.24051816972696,585.0354614257812,535.7949432560542,10.881180035701993
BTC-11JUN26-69000-P,put,62918.19,69000.0,0.008627595089707,0.045,6921.0009,1.2122661207971102,6104.270256805874,6062.433080813645,41.83717599222928,0.0068537555239438,49.24373998941155,6639.732571503962,535.4623146980884,0.0877193001245451
BTC-11JUN26-70000-C,call,62917.22,70000.0,0.008627595089707,0.045,31.45861,0.5766649869317472,56.40862559099483,2.0085810072586936,54.40004458373614,0.964392307271898,56.40862559099483,346.655029296875,290.2464037058802,5.145425910753189
BTC-11JUN26-70000-P,put,62910.26,70000.0,0.008627595089707,0.045,7108.859379999994,0.6153608671003948,7119.051005334484,7071.857221317058,47.19378401742597,0.0066292240330997,56.48265494097723,7407.538412649366,288.48740731488215,0.04052329546434086
BTC-12JUN26-70000-C,call,62904.41,70000.0,0.0113673211171042,0.045,59.759189500000005,0.5609532122370561,64.37884788567452,8.823879785143307,55.55496810053121,0.8629382153465536,64.37884788567452,372.97808837890625,308.5992404932317,4.793488088529474
BTC-12JUN26-70000-P,put,62905.82,70000.0,0.0113673211171042,0.045,7124.084115000001,0.5708193031377217,7122.754004684342,7072.729070745889,50.024933938453614,0.0070232572830051,64.37190958132851,7431.704726938951,308.950722254609,0.04337517792295295
BTC-12JUN26-72000-C,call,62905.44,72000.0,0.0113673211171042,0.045,31.452720000000003,0.6117498580411687,87.03509445963084,0.6929706850660822,86.34212377456475,0.9920380314473318,87.03509445963084,0.0,87.03509445963084,1.0
BTC-12JUN26-74000-C,call,62870.68,74000.0,0.0113673211171042,0.045,18.861204,0.6684097251496087,123.32068512437718,0.1276014496130101,123.19308367476415,0.9989652875388724,123.32068512437718,0.0,123.32068512437718,1.0
BTC-12JUN26-75000-C,call,62878.81,75000.0,0.0113673211171042,0.045,18.863643,0.7151411583736151,143.78177017821713,0.2175740039748974,143.56419617424223,0.9984867761489844,143.78177017821713,0.0,143.78177017821713,1.0
BTC-19JUN26-55000-C,call,62951.61,55000.0,0.030545403308885,0.045,8577.1568625,0.7316244462629496,8165.13568517151,8066.259569094695,98.87611607681448,0.012109549662032,8165.13568517151,6874.21337890625,1290.92230626526,0.15810175801605725
BTC-19JUN26-55000-P,put,62950.58,55000.0,0.030545403308885,0.045,409.17877,0.6673966675701066,137.9884896088115,45.70470554421928,92.28378406459224,0.6687788548610889,8164.116428952257,0.0,137.9884896088115,1.0
BTC-19JUN26-56000-C,call,62948.38,56000.0,0.030545403308885,0.045,7427.908839999999,0.5997930679963368,7189.640371011679,7130.556020141685,59.08435086999452,0.0082179841857209,7189.640371011679,6260.07470703125,929.5656639804292,0.12929237291595252
BTC-19JUN26-56000-P,put,62941.91,56000.0,0.030545403308885,0.045,519.2707575000001,0.6502268933030885,164.55095328625612,90.8372413577598,73.71371192849632,0.4479689145298507,7183.382491526856,0.0,164.55095328625612,1.0
BTC-19JUN26-58000-C,call,62941.39,58000.0,0.030545403308885,0.045,5680.4604475,0.5631766189022543,5340.535105690717,5344.527540305371,3.992434614654485,0.0007475720195903,5340.535105690717,5119.78466796875,220.7504377219666,0.04133489123341619
BTC-19JUN26-58000-P,put,62941.4,58000.0,0.030545403308885,0.045,771.03215,0.6002781676373591,319.4752873871912,277.7019067714997,41.77338061569151,0.1307562189154989,5340.544023422095,98.71202568384615,220.76326170334505,0.6910182740857476
BTC-19JUN26-59000-C,call,62939.68,59000.0,0.030545403308885,0.045,4909.29504,0.5600583492126012,4492.399765416951,4460.921509860008,31.478255556942717,0.0070070023151693,4492.399765416951,4594.353515625,101.95375020804931,0.022694718976904484
BTC-19JUN26-59000-P,put,62939.04,59000.0,0.030545403308885,0.045,959.82036,0.5809324300174837,471.7824669337497,409.1040782743963,62.6783886593534,0.1328544256142419,4491.864801865806,573.9000869429437,102.11762000919407,0.21645064657210755
BTC-19JUN26-60000-C,call,62937.58,60000.0,0.030545403308885,0.045,4138.145885,0.5425676213044532,3710.171203036924,3732.1285816414447,21.957378604521185,0.0059181577892007,3710.171203036924,4097.3125,387.141296963076,0.10434593871198863
BTC-19JUN26-60000-P,put,62937.09,60000.0,0.030545403308885,0.045,1195.80471,0.5631982508503882,690.2889906470373,657.2032720453578,33.085718601679446,0.047930242333239,3709.794924476242,1077.5492419520451,387.26025130500784,0.5610117741295748
BTC-19JUN26-61000-C,call,62935.57,61000.0,0.030545403308885,0.045,3414.2546725,0.5242680200840597,3005.051244984599,2971.947626471361,33.10361851323796,0.011015991347398,3005.051244984599,3628.559814453125,623.5085694685258,0.207486834212613
BTC-19JUN26-61000-P,put,62935.37,61000.0,0.030545403308885,0.045,1478.981195,0.5449743513961925,985.7537826774204,950.2833028333216,35.47047984409903,0.0359831029486461,3004.9133154037845,1609.294324695511,623.5405420180906,0.6325520154987211
BTC-19JUN26-62000-C,call,62936.45,62000.0,0.030545403308885,0.045,2769.2038,0.5104785157815376,2386.651956056594,2372.79673816885,13.855217887743947,0.0058052946733953,2386.651956056594,3188.894287109375,802.2423310527811,0.33613712674650154
BTC-19JUN26-62000-P,put,62938.3,62000.0,0.030545403308885,0.045,1825.210699999994,0.528800953797325,1364.3070008515788,1335.0875803325837,29.219420518995094,0.0214170421325675,2387.770132475096,2166.2602570483577,801.953256196779,0.587809969234353
BTC-19JUN26-63000-C,call,62937.55,63000.0,0.030545403308885,0.045,2187.0798625,0.4958936008507452,1856.955807436214,1830.6400118022173,26.31579563399646,0.0141714711403547,1856.955807436214,2776.3505859375,919.394778501286,0.495108593763811
BTC-19JUN26-63000-P,put,62937.55,63000.0,0.030545403308885,0.045,2250.0174125,0.5157481083842441,1832.869076915544,1825.2749162931816,7.594160622361869,0.0041433186461641,1856.955807436214,2752.2638554168298,919.3947785012858,0.5016150853766902
BTC-19JUN26-64000-C,call,62937.52,64000.0,0.030545403308885,0.045,1683.57866,0.4830688313783874,1415.2486819699045,1388.336002857168,26.91267911273621,0.0190162191674159,1415.2486819699045,2389.781982421875,974.5333004519705,0.6885950948885562
BTC-19JUN26-64000-P,put,62937.74,64000.0,0.030545403308885,0.045,2737.79169,0.5014136768832541,2389.6924304734057,2388.1475147975884,1.5449156758172649,0.000646491429657,1415.342759891224,3364.2451783946817,974.552747921276,0.4078151378368864
BTC-19JUN26-65000-C,call,62938.87,65000.0,0.030545403308885,0.045,1274.5121175000002,0.4748912730799769,1058.6414961069677,1042.8223165761897,15.819179530778,0.0149429052129084,1058.6414961069677,2029.5966796875,970.9551835805323,0.9171709092748662
BTC-19JUN26-65000-P,put,62939.53,65000.0,0.030545403308885,0.045,3304.325325,0.4889123957636743,3030.054814622941,3027.012324907819,3.042489715121974,0.0010041038533161,1058.8687429379206,4001.0212767631456,970.9664621402044,0.32044518054734633
BTC-19JUN26-66000-C,call,62938.13,66000.0,0.030545403308885,0.045,944.07195,0.4687028598420005,778.5837995667443,771.300757454551,7.283042112193357,0.0093542173832105,778.5837995667443,1693.7769775390625,915.1931779723182,1.175458799016358
BTC-19JUN26-66000-P,put,62938.44,66000.0,0.030545403308885,0.045,3996.59094,0.489848199332576,3749.5694923450937,3706.017727270852,43.55176507424221,0.0116151374612885,778.6670195572224,4664.781623178496,915.2121308334026,0.2440845896313823
BTC-19JUN26-67000-C,call,62937.35,67000.0,0.030545403308885,0.045,676.5765124999999,0.4616123960625491,566.4182973812985,515.6455438657883,50.7727535155102,0.0896382651306394,566.4182973812985,1382.3870849609375,815.968787579639,1.4405763220434056
BTC-19JUN26-67000-P,put,62937.29,67000.0,0.030545403308885,0.045,4736.0310725,0.4873999103347576,4537.085034322918,4537.631734496436,0.5467001735178201,0.0001204959063764,566.4061604322051,5353.024332875088,815.9392985521699,0.17983777962714223
BTC-19JUN26-68000-C,call,62942.24,68000.0,0.030545403308885,0.045,472.0668,0.4551515322833553,412.35369158402864,355.4889798974039,56.86471168662473,0.137902758838372,412.35369158402864,1096.3472900390625,683.9935984550339,1.658754638105746
BTC-19JUN26-68000-P,put,62940.97,68000.0,0.030545403308885,0.045,5523.0701175,0.4839984744777582,5377.792270317121,5339.812870546259,37.97939977086208,0.0070622660493025,412.16699532355415,6061.601471282629,683.8092009655084,0.12715426081810802
BTC-19JUN26-69000-C,call,62938.81,69000.0,0.030545403308885,0.045,346.16345499999994,0.4607035291152699,303.5035190270746,236.405876179504,67.09764284757065,0.2210769847501671,303.5035190270746,830.655517578125,527.1519985510504,1.7368892467570525
BTC-19JUN26-69000-P,put,62938.81,69000.0,0.030545403308885,0.045,6388.289215,0.4905908494486717,6269.915195123482,6165.501023538746,104.4141715847354,0.0166532031670771,303.5035190270719,6797.067193674535,527.1519985510531,0.08407641605121761
BTC-19JUN26-70000-C,call,62938.81,70000.0,0.030545403308885,0.045,242.3144185,0.461266044948204,231.74783725691304,158.18658839344565,73.5612488634674,0.3174193543041276,231.74783725691304,587.985107421875,356.23727016496196,1.537176244583639
BTC-19JUN26-70000-P,put,62939.22,70000.0,0.030545403308885,0.045,7285.214714999994,0.498337869613269,7196.403177838089,7157.971709888428,38.431467949661055,0.005340371710692,231.775100638828,7552.715418507854,356.31224066976574,0.04951254562377194
BTC-19JUN26-71000-C,call,62940.44,71000.0,0.030545403308885,0.045,169.939188,0.4637848331430004,187.97731177630607,106.41699659354848,81.56031518275765,0.4338838257236852,187.97731177630607,366.8441162109375,178.86680443463143,0.9515340055904397
BTC-19JUN26-71000-P,put,62942.92,71000.0,0.030545403308885,0.045,8229.78679,0.5199888750551789,8147.630008970067,8056.614190997414,91.01581797265317,0.0111708334659833,188.0755306679639,8326.98926223765,179.35925326758297,0.022013671837100957
BTC-19JUN26-72000-C,call,62942.92,72000.0,0.030545403308885,0.045,125.88584,0.472699355740537,164.9053499870613,65.12564288779559,99.7797070992657,0.6050725892585932,164.9053499870613,166.16107177734375,1.2557217902824505,0.00761480322124768
BTC-19JUN26-72000-P,put,62945.58,72000.0,0.030545403308885,0.045,9190.05468,0.5438403679723277,9120.478277231392,9021.52533221916,98.9529450122318,0.010849534641101,164.9573978264525,9122.21960987369,1.7413326422974933,0.00019092558409404943
BTC-19JUN26-73000-C,call,62952.22,73000.0,0.030545403308885,0.045,94.42833,0.4822342920156201,156.8905516704025,47.452471674032736,109.43807999636977,0.6975441084959568,156.8905516704025,0.0,156.8905516704025,1.0
BTC-19JUN26-73000-P,put,62952.38,73000.0,0.030545403308885,0.045,10166.80937,0.5757112667166453,10104.238631013744,9967.855245537645,136.38338547610147,0.0134976409857828,156.89135050594632,9933.411963468308,170.82666754543607,0.01690643637622573
BTC-19JUN26-74000-C,call,62952.38,74000.0,0.030545403308885,0.045,78.69047499999999,0.5008802942338753,159.5541348601076,25.17469135724797,134.37944350285963,0.8422184960651731,159.5541348601076,0.0,159.5541348601076,1.0
BTC-19JUN26-74000-P,put,62956.02,74000.0,0.030545403308885,0.045,11127.476534999998,0.5923320436504056,11101.867309097266,10981.589231658703,120.27807743856285,0.01083404026456,159.53362748662767,10765.575548676068,336.291760421198,0.030291459180531596
BTC-19JUN26-75000-C,call,62958.34,75000.0,0.030545403308885,0.045,62.95834,0.51458583183835,169.8701011287313,12.973721252774777,156.89637987595657,0.9236256341370928,169.8701011287313,0.0,169.8701011287313,1.0
BTC-19JUN26-75000-P,put,62958.32,75000.0,0.030545403308885,0.045,12056.51828,0.5750860214774066,12108.53044969812,11959.675243299132,148.8552063989864,0.0122934163660378,169.87036698462907,11616.417040721302,492.1134089768184,0.04064187731295562
BTC-19JUN26-76000-C,call,62964.32,76000.0,0.030545403308885,0.045,50.3714559999937,0.5274511498905797,185.6504072629073,8.369827322854055,177.28057994005326,0.9549161919639572,185.6504072629073,0.0,185.6504072629073,1.0
BTC-19JUN26-76000-P,put,62963.88,76000.0,0.030545403308885,0.045,13096.487039999998,0.650538724741412,13117.385200197265,12968.715677416436,148.6695227808268,0.0113337773124624,185.65871638093085,12481.169904226488,636.2152959707764,0.0485016858360772
BTC-19JUN26-77000-C,call,62964.58,77000.0,0.030545403308885,0.045,44.075206,0.546913299049594,205.55255374684725,4.349383066312925,201.20317068053436,0.9788405301367868,205.55255374684725,0.0,205.55255374684725,1.0
BTC-19JUN26-77000-P,put,62966.59,77000.0,0.030545403308885,0.045,14277.6742825,0.8091842584696954,14133.1490033124,13897.780452645857,235.36855066654425,0.0166536523892432,205.5061183932121,13364.278016755125,768.8709865572746,0.05440195857109223
BTC-19JUN26-78000-C,call,62973.2,78000.0,0.030545403308885,0.045,37.78392,0.563428137313466,228.28136700084144,3.0285521756785685,225.2528148251629,0.986733248466716,228.28136700084144,0.0,228.28136700084144,1.0
BTC-19JUN26-78000-P,put,62973.2,78000.0,0.030545403308885,0.045,15271.000999999998,0.8477379202239971,15147.940653022872,14930.39267755532,217.54797546755435,0.0143615545142858,228.28136700084724,14258.893050670464,889.0476023524079,0.0586909879512231
BTC-19JUN26-80000-C,call,62982.08,80000.0,0.030545403308885,0.045,31.49104,0.6041669999537556,280.66732688857485,0.8081228999852719,279.8592039885896,0.9971207090296402,280.66732688857485,0.0,280.66732688857485,1.0
BTC-19JUN26-85000-C,call,62979.42,85000.0,0.030545403308885,0.045,22.042797,0.7018987299615674,440.8590453419797,0.0476905699789549,440.8113547720008,0.9998918235420532,440.8590453419797,0.0,440.8590453419797,1.0
BTC-26JUN26-45000-P,put,62998.32,45000.0,0.0497234855006659,0.045,103.947228,0.7987062334307156,419.67583034093695,0.0,419.67583034093695,1.0,18518.573322588432,0.0,419.67583034093695,1.0
BTC-26JUN26-50000-C,call,62997.58,50000.0,0.0497234855006659,0.045,13229.4918,0.5973971876257042,13343.92200286041,13141.505491757784,202.416511102625,0.0151691917158414,13343.92200286041,10671.7666015625,2672.1554012979104,0.2002526244326897
BTC-26JUN26-50000-P,put,62997.14,50000.0,0.0497234855006659,0.045,239.389132,0.6876940152930505,234.5789143793445,9.318567732256971,225.26034664708752,0.9602753395081892,13343.471683543226,0.0,234.5789143793445,1.0
BTC-26JUN26-54000-P,put,63001.43,54000.0,0.0497234855006659,0.045,381.1586515,0.5665362456751245,221.4157068862696,106.34029175358494,115.07541513268468,0.5197256181639963,9343.538697583259,0.0,221.4157068862696,1.0
BTC-26JUN26-55000-C,call,63005.02,55000.0,0.0497234855006659,0.045,8552.931465,0.5337286046934345,8391.122667694268,8255.90152760818,135.22114008608878,0.0161147852845351,8391.122667694268,7165.4482421875,1225.6744255067679,0.14606799042821783
BTC-26JUN26-55000-P,put,63004.96,55000.0,0.0497234855006659,0.045,598.54712,0.5945366728548587,263.1772894494352,162.59497927755294,100.58231017188226,0.3821846116824884,8391.065335529704,0.0,263.1772894494352,1.0
BTC-26JUN26-56000-P,put,63005.14,56000.0,0.0497234855006659,0.045,945.0771,0.6403075727077397,335.20665058221493,249.59516501997592,85.61148556223901,0.2553991259228951,7465.509752045764,0.0,335.20665058221493,1.0
BTC-26JUN26-58000-C,call,63007.7,58000.0,0.0497234855006659,0.045,6048.7392,0.5120203897597254,5737.486696154709,5671.56882530747,65.91787084723819,0.0114889801646802,5737.486696154709,5407.255859375,330.2308367797086,0.05755670631899346
BTC-26JUN26-58000-P,put,63013.46,58000.0,0.0497234855006659,0.045,1055.475455,0.547162302138082,599.2504459197298,526.4471209830474,72.80332493668243,0.1214906479125666,5742.343658149832,267.5210455823981,331.72940033733175,0.5535738898419897
BTC-26JUN26-59000-C,call,63015.71,59000.0,0.0497234855006659,0.045,5261.811785,0.4976561332845868,4954.691342346836,4908.238088253824,46.45325409301222,0.009375610080084,4954.691342346836,4882.52099609375,72.17034625308588,0.014566063003008724
BTC-26JUN26-59000-P,put,63017.26,59000.0,0.0497234855006659,0.045,1276.099515,0.5334131949585815,806.7888267986709,752.3369250432047,54.451901755466224,0.0674921366617467,4955.917094412056,734.2486855116149,72.54014128705603,0.08991217884721396
BTC-26JUN26-60000-C,call,63023.18,60000.0,0.0497234855006659,0.045,4553.424755,0.4914941663642124,4230.53624840478,4181.262321917169,49.27392648761088,0.0116472058373665,4230.53624840478,4385.34765625,154.81140784521995,0.03659380247683615
BTC-26JUN26-60000-P,put,63024.35,60000.0,0.0497234855006659,0.045,1528.3404875,0.518461303187158,1072.939203676484,1019.873800991922,53.06540268456183,0.0494579772113185,4231.3925266731385,1227.5115207533454,154.57231707686128,0.14406437619877333
BTC-26JUN26-61000-C,call,63024.67,61000.0,0.0497234855006659,0.045,3844.50487,0.4763840805820405,3566.730072531267,3544.363591051704,22.366481479562932,0.0062708646364398,3566.730072531267,3912.7216796875,345.99160715623293,0.09700526816448622
BTC-26JUN26-61000-P,put,63025.22,61000.0,0.0497234855006659,0.045,1843.4876849999937,0.5070154324297769,1405.5386789394906,1366.7603969695942,38.7782819698964,0.0275896227908544,3567.097057319428,1751.4357622450625,345.89708330557187,0.24609574143242982
BTC-26JUN26-62000-C,call,63025.22,62000.0,0.0497234855006659,0.045,3214.28622,0.4666404400962452,2971.0294389226183,2927.4651274457788,43.56431147683952,0.0146630359518205,2971.0294389226183,3467.05078125,496.0213423273817,0.16695268509599606
BTC-26JUN26-62000-P,put,63024.87,62000.0,0.0497234855006659,0.045,2205.8704500000003,0.4950535753145558,1807.3763789201255,1771.3158111100142,36.06056781011148,0.0199518861874564,2970.8198126833377,2303.455980299288,496.07960137916257,0.27447498327689834
BTC-26JUN26-63000-C,call,63023.33,63000.0,0.0497234855006659,0.045,2646.9798600000004,0.4581349477517684,2444.4290504108067,2362.439688949456,81.98936146135065,0.0335413136444159,2444.4290504108067,3047.267822265625,602.8387718548183,0.2466174143011049
BTC-26JUN26-63000-P,put,63023.35,63000.0,0.0497234855006659,0.045,2615.469025,0.4818634222547862,2280.281137743572,2243.4378770854355,36.84326065813639,0.0161573325535614,2444.43962689006,2883.116901478512,602.83576373494,0.2643690524631843
BTC-26JUN26-64000-C,call,63032.4,64000.0,0.0497234855006659,0.045,2143.1016000000004,0.4491778063371528,1993.1410180751557,1960.523669343266,32.61734873188948,0.0163647972903538,1993.1410180751557,2658.506591796875,665.3655737217193,0.333827645754983
BTC-26JUN26-64000-P,put,63032.66,64000.0,0.0497234855006659,0.045,3120.1166700000003,0.4764670017374472,2817.557027158138,2752.745184987428,64.8118421707104,0.0230028501804917,1993.2605716879116,3482.9165726577266,665.3595454995884,0.23614767654612034
BTC-26JUN26-65000-C,call,63033.2,65000.0,0.0497234855006659,0.045,1701.8964,0.4411249624149677,1605.0242835112767,1556.0398773663812,48.9844061448955,0.030519417461855,1605.0242835112767,2291.88818359375,686.8639000824733,0.42794611093349694
BTC-26JUN26-65000-P,put,63033.49,65000.0,0.0497234855006659,0.045,3671.7007924999934,0.4683117439701315,3426.3694928369296,3329.9018708088347,96.46762202809488,0.0281544714397461,1605.1380927499704,4113.244583680709,686.8750908437796,0.20046731453795077
BTC-26JUN26-66000-C,call,63033.49,66000.0,0.0497234855006659,0.045,1339.4616624999935,0.4363653079017217,1280.2982953651335,1226.2741241912224,54.0241711739111,0.0421965501082727,1280.2982953651335,1950.173095703125,669.8748003379915,0.5232177553957823
BTC-26JUN26-66000-P,put,63034.6,66000.0,0.0497234855006659,0.045,4333.62875,0.4701144991889532,4098.549707099628,4052.520545096609,46.02916200301888,0.011230597477758,1280.6633623959497,4768.468375953678,669.9186688540503,0.16345261537113911
BTC-26JUN26-67000-C,call,63032.68,67000.0,0.0497234855006659,0.045,1040.03922,0.4327733236967059,1013.6538226428528,943.3527776112408,70.30104503161203,0.0693540964984666,1013.6538226428528,1632.5244140625,618.8705914196472,0.6105344621560194
BTC-26JUN26-67000-P,put,63030.71,67000.0,0.0497234855006659,0.045,5058.2144775,0.4737034330500158,4832.66276377366,4834.711903625483,2.049139851822474,0.000424018797087,1013.1214744532626,5451.418120375085,618.7553566014249,0.12803611318375133
BTC-26JUN26-68000-C,call,63030.98,68000.0,0.0497234855006659,0.045,787.8872500000001,0.4279839468411362,799.2368417826347,736.6417219308771,62.595119851757545,0.078318611679792,799.2368417826347,1338.29443359375,539.0575918111153,0.6744653945240937
BTC-26JUN26-68000-P,put,63032.0,68000.0,0.0497234855006659,0.045,5830.46,0.4787997447456161,5615.475054892449,5571.237230084373,44.237824808076766,0.0078778419235492,799.4588209553331,6154.624998585554,539.1499436931044,0.09601145734293187
BTC-26JUN26-70000-C,call,63032.0,70000.0,0.0497234855006659,0.045,456.98199999999366,0.4283187634268197,502.4455116375593,409.2233246430723,93.222186994487,0.1855369086503714,502.4455116375593,819.1221313476562,316.67661971009693,0.630270571385923
BTC-26JUN26-70000-P,put,63028.37,70000.0,0.0497234855006659,0.045,7500.37603,0.4924205695718617,7317.144301425804,7254.030456060064,63.11384536573951,0.0086254750167276,501.9681782552361,7633.359228639318,316.2149272135139,0.04321561994505109
BTC-26JUN26-72000-C,call,63028.37,72000.0,0.0497234855006659,0.045,261.5677355,0.4325847846579453,338.0194483035111,236.7767141564217,101.24273414708946,0.2995174823674127,338.0194483035111,383.8791198730469,45.85967156953575,0.13567169522257158
BTC-26JUN26-72000-P,put,63028.18,72000.0,0.0497234855006659,0.045,9249.385415,0.4982385128885804,9148.902198474076,8950.708688464532,198.1935100095434,0.0216630919983601,338.0061860700662,9194.722123243853,45.81992476977757,0.0050082429318590565
BTC-26JUN26-74000-C,call,63027.02,74000.0,0.0497234855006659,0.045,160.71890100000002,0.4459650997099461,263.6025737200039,117.33015248062596,146.2724212393779,0.55489754585912,263.6025737200039,27.59771728515625,236.00485643484762,0.8953055848594624
BTC-26JUN26-74000-P,put,63026.38,74000.0,0.0497234855006659,0.045,11155.66926,0.534167577398131,11071.810290902758,10905.901377188771,165.90891371398538,0.0149848045942681,263.5843892653065,10835.706240687745,236.10405021501356,0.02132479188240882
BTC-26JUN26-75000-C,call,63026.16,75000.0,0.0497234855006659,0.045,129.203628,0.4546532144964191,249.4452902021781,84.64844666237441,164.79684353980366,0.6606532574988049,249.4452902021781,0.0,249.4452902021781,1.0
BTC-26JUN26-75000-P,put,63027.96,75000.0,0.0497234855006659,0.045,12148.63929,0.5651606174011773,12053.880721701184,11870.572305978492,183.3084157226931,0.0152074190839365,249.46987544700096,11681.34387542899,372.53684627219445,0.030905967536371783
BTC-26JUN26-76000-C,call,63030.8,76000.0,0.0497234855006659,0.045,107.15236,0.465359110690952,246.4035792128742,56.50218515581616,189.90139405705804,0.7706925145474347,246.4035792128742,0.0,246.4035792128742,1.0
BTC-26JUN26-76000-P,put,63030.8,76000.0,0.0497234855006659,0.045,13094.6487,0.5747854041648325,13045.739370083773,12824.6049846788,221.1343854049719,0.0169506977819956,246.40357921287068,12542.8133299334,502.9260401503725,0.03855098019999329
BTC-26JUN26-78000-C,call,63033.54,78000.0,0.0497234855006659,0.045,78.791925,0.4905318373785282,264.255780494361,26.03071535787494,238.225065136486,0.901494244291733,264.255780494361,0.0,264.255780494361,1.0
BTC-26JUN26-78000-P,put,63041.19,78000.0,0.0497234855006659,0.045,15051.0841125,0.619167582063209,15048.620152434902,14782.727681668724,265.89247076617903,0.0176688937638682,264.14447233056126,14308.758455983247,739.861696451655,0.04916475324363501
BTC-26JUN26-80000-C,call,63048.36,80000.0,0.0497234855006659,0.045,56.743524,0.5110788624556372,303.29100058536824,13.12411716809314,290.1668834172751,0.95672764063964,303.29100058536824,0.0,303.29100058536824,1.0
BTC-26JUN26-80000-P,put,63049.72,80000.0,0.0497234855006659,0.045,17054.94926,0.6835012173397179,17074.7325080078,16763.656826633076,311.0756813747248,0.0182184805078987,303.2569386700052,16133.639814943264,941.0926930645364,0.05511610167967069
BTC-26JUN26-82000-C,call,63048.66,82000.0,0.0497234855006659,0.045,47.286495,0.5409054056344873,356.2380298003087,7.384157092979494,348.85387270732923,0.9792718450157646,356.2380298003087,0.0,356.2380298003087,1.0
BTC-26JUN26-82000-P,put,63047.74,82000.0,0.0497234855006659,0.045,19040.41748,0.7305182387493094,19125.253080284598,18818.1431062725,307.10997401209534,0.0160578253643441,356.26762171335577,18019.568222243113,1105.6848580414844,0.057812822314037116
BTC-26JUN26-84000-C,call,63047.74,84000.0,0.0497234855006659,0.045,37.828644,0.5653434852053945,418.5937274491421,3.9241159246192177,414.6696115245229,0.99062547843578,418.5937274491421,0.0,418.5937274491421,1.0
BTC-26JUN26-84000-P,put,63037.16,84000.0,0.0497234855006659,0.045,21022.892860000004,0.7678109245795859,21194.085120694363,20758.32104934889,435.7640713454675,0.0205606455227443,418.98977288969036,19959.32520620311,1234.7599144912529,0.05825964685239499
BTC-26JUN26-85000-C,call,63023.5,85000.0,0.0497234855006659,0.045,37.8141,0.5858803759753961,453.4684987247247,1.1656565673204642,452.3028421574042,0.9974294651765258,453.4684987247247,0.0,453.4684987247247,1.0
BTC-26JUN26-85000-P,put,63020.53,85000.0,0.0497234855006659,0.045,21994.16497,0.7642172879537226,22243.076762335917,21779.808419681904,463.26834265400976,0.0208275297344861,453.5864699145168,20955.825619569834,1287.251142766083,0.05787199120518158
BTC-26JUN26-86000-C,call,63030.08,86000.0,0.0497234855006659,0.045,37.818048,0.6052580509302058,488.7466978300481,0.9531281447166876,487.7935696853314,0.9980498525126648,488.7466978300481,0.0,488.7466978300481,1.0
BTC-26JUN26-86000-P,put,63030.64,86000.0,0.0497234855006659,0.045,22990.42594,0.7935101850791929,23265.868548797967,22834.021399879908,431.8471489180593,0.0185614024257164,488.7233117598371,21935.097507545943,1330.7710412520246,0.05719842517208664
BTC-26JUN26-88000-C,call,63038.29,88000.0,0.0497234855006659,0.045,31.519145,0.6285420456116259,563.7717002493225,0.1317326869243439,563.6399675623982,0.9997663368223944,563.7717002493225,0.0,563.7717002493225,1.0
BTC-26JUN26-90000-C,call,63038.64,90000.0,0.0497234855006659,0.045,25.215455999993697,0.6472637669178342,644.4158157461331,0.0,644.4158157461331,1.0,644.4158157461331,0.0,644.4158157461331,1.0
BTC-26JUN26-92000-C,call,63038.2,92000.0,0.0497234855006659,0.045,22.06337,0.6714026498366867,730.0397418006507,0.0,730.0397418006507,1.0,730.0397418006507,0.0,730.0397418006507,1.0
BTC-26JUN26-94000-C,call,63038.72,94000.0,0.0497234855006659,0.045,25.21548799999369,0.7153044739505854,820.3241119964564,0.0,820.3241119964564,1.0,820.3241119964564,0.0,820.3241119964564,1.0
BTC-26JUN26-95000-C,call,63037.77,95000.0,0.0497234855006659,0.045,18.911331,0.7086032699643873,867.2464540082308,0.0,867.2464540082308,1.0,867.2464540082308,0.0,867.2464540082308,1.0
BTC-31JUL26-48000-C,call,63231.66,48000.0,0.14561389645957,0.045,15776.29917,0.4650150257600611,16036.30957112721,15703.60965559072,332.699915536492,0.0207466633180682,16036.30957112721,13752.8515625,2283.458008627211,0.14239298627275776
BTC-31JUL26-48000-P,put,63231.18,48000.0,0.14561389645957,0.045,600.69621,0.585263128728366,491.1500211504681,114.111460175237,377.0385609752311,0.7676647556525749,16035.827799043574,0.0,491.1500211504681,1.0
BTC-31JUL26-50000-C,call,63232.27,50000.0,0.14561389645957,0.045,14132.412345,0.5130780826006741,14094.780057803657,13810.644798199271,284.13525960438164,0.0201588998508045,14094.780057803657,12148.7958984375,1945.9841593661567,0.138064173501505
BTC-31JUL26-50000-P,put,63231.62,50000.0,0.14561389645957,0.045,774.587345,0.5605087089227021,535.9655507363859,252.1860321399868,283.7795185963992,0.5294734301607675,14094.145736041704,0.0,535.9655507363859,1.0
BTC-31JUL26-52000-C,call,63232.41,52000.0,0.14561389645957,0.045,12235.471335,0.4696850106411714,12235.590759122882,11927.926190700817,307.66456842206753,0.0251450522070356,12235.590759122882,10647.9384765625,1587.6522825603824,0.12975689640294855
BTC-31JUL26-52000-P,put,63232.41,52000.0,0.14561389645957,0.045,1011.71856,0.5395677014291723,663.5581664053461,427.6609259653077,235.8972404400384,0.3555034846725651,12235.590759122882,0.0,663.5581664053461,1.0
BTC-31JUL26-54000-C,call,63232.34,54000.0,0.14561389645957,0.045,10512.376525,0.4546625092718155,10482.16601098288,10325.200673566516,156.9653374163645,0.0149745135930781,10482.16601098288,9253.369140625,1228.7968703578808,0.11722738116057183
BTC-31JUL26-54000-P,put,63232.77,54000.0,0.14561389645957,0.045,1327.8881699999936,0.5217326582096768,897.093084987755,697.9039570016374,199.1891279861176,0.2220384164357218,10482.548085117494,0.0,897.093084987755,1.0
BTC-31JUL26-55000-C,call,63233.02,55000.0,0.14561389645957,0.045,9706.26857,0.4512045434360482,9652.9492488272,9425.442133247125,227.5071155800761,0.0235686638058018,9652.9492488272,8597.1708984375,1055.7783503897008,0.10937365598580912
BTC-31JUL26-55000-P,put,63233.02,55000.0,0.14561389645957,0.045,1501.784225,0.5109761702149626,1060.713044991353,888.0721505643086,172.64089442704437,0.1627592827694994,9652.9492488272,4.934694601652154,1055.7783503897008,0.9953477572233569
BTC-31JUL26-56000-C,call,63232.0,56000.0,0.14561389645957,0.045,8899.903999999999,0.443905964669385,8857.027604093739,8616.166733327731,240.8608707660078,0.0271943231445593,8857.027604093739,7966.984375,890.0432290937388,0.10049005929284432
BTC-31JUL26-56000-P,put,63232.52,56000.0,0.14561389645957,0.045,1707.27804,0.5019078921479155,1259.1908128803043,1088.550500079832,170.64031280047243,0.1355158495876773,8857.45822042226,369.07683073929365,890.1139821410106,0.7068936439465769
BTC-31JUL26-57000-C,call,63232.52,57000.0,0.14561389645957,0.045,8172.80321,0.4438436858051864,8099.42703563354,8022.15541835753,77.27161727601015,0.0095403806881712,8099.42703563354,7365.166015625,734.2610200085401,0.09065592131124198
BTC-31JUL26-57000-P,put,63232.68,57000.0,0.14561389645957,0.045,1960.21308,0.4961080655618068,1494.5954815242803,1347.1528249856383,147.44265653864204,0.0986505434823548,8099.554092772341,760.3284981269389,734.2669833973414,0.49128141525524405
BTC-31JUL26-58000-C,call,63235.53,58000.0,0.14561389645957,0.045,7445.983657499999,0.4391538227095714,7382.64473303414,7245.061378982383,137.58335405175694,0.0186360523940873,7382.64473303414,6792.12060546875,590.5241275653898,0.0799881545055324
BTC-31JUL26-58000-P,put,63235.61,58000.0,0.14561389645957,0.045,2213.2463500000003,0.4870505716203198,1768.2855587272643,1620.0800605878924,148.2054981393719,0.0838131021360847,7382.705373681434,1177.7613373895801,590.5242213376841,0.3339529740675584
BTC-31JUL26-59000-C,call,63235.61,59000.0,0.14561389645957,0.045,6718.7835625,0.4308680649935039,6704.032509958066,6606.056301640122,97.97620831794391,0.0146145186755003,6704.032509958066,6244.39111328125,459.64139667681593,0.06856192836088902
BTC-31JUL26-59000-P,put,63236.18,59000.0,0.14561389645957,0.045,2529.4472,0.4823008695106872,2082.9218719650817,1977.5806182258216,105.34125373926008,0.0505737901920816,6704.44289062536,1623.180641495972,459.7412304691097,0.22071938302485541
BTC-31JUL26-60000-C,call,63238.24,60000.0,0.14561389645957,0.045,6070.87104,0.4279732942622505,6068.764754250551,5910.112111851694,158.6526423988571,0.026142493377707,6068.764754250551,5725.09375,343.67100425055105,0.05662948197322108
BTC-31JUL26-60000-P,put,63238.33,60000.0,0.14561389645957,0.045,2845.72485,0.4741145496761136,2438.6237782791577,2317.41539994815,121.20837833100768,0.0497035989768539,6068.826000645546,2094.940844039862,343.6829342392957,0.14093315143585594
BTC-31JUL26-61000-C,call,63238.33,61000.0,0.14561389645957,0.045,5454.3059625,0.4246984426180737,5473.940537313261,5431.751375702749,42.1891616105122,0.0077072743707989,5473.940537313261,5231.13916015625,242.8013771570113,0.04435586676580596
BTC-31JUL26-61000-P,put,63239.62,61000.0,0.14561389645957,0.045,3225.22062,0.4695417545351776,2836.7426044522363,2724.017000404041,112.72560404819524,0.0397376920525935,5474.766030524726,2593.80469892751,242.93790552472638,0.08563974226757057
BTC-31JUL26-62000-C,call,63239.48,62000.0,0.14561389645957,0.045,4885.24983,0.4224432116676735,4922.24471766733,4767.337317136347,154.90740053098307,0.0314708856256123,4922.24471766733,4764.21142578125,158.0332918860804,0.0321059396577448
BTC-31JUL26-62000-P,put,63242.2,62000.0,0.14561389645957,0.045,3636.4265,0.4648570758417344,3276.7385387388786,3151.8557983609103,124.88274037796828,0.0381119027049475,4923.873168517472,3118.436171002657,158.30236773622164,0.04831095489149025
BTC-31JUL26-63000-C,call,63243.31,63000.0,0.14561389645957,0.045,4332.166735,0.4176797504686238,4414.237602872858,4390.014906480536,24.222696392322177,0.0054874020321329,4414.237602872858,4324.6328125,89.60479037285768,0.020299041065334006
BTC-31JUL26-63000-P,put,63242.58,63000.0,0.14561389645957,0.045,4094.957055,0.4614814010086258,3759.784993076144,3593.4671057050778,166.31788737106626,0.0442360102179646,4413.83082656085,3670.2803383902938,89.50465468585026,0.02380579071693677
BTC-31JUL26-64000-C,call,63242.94,64000.0,0.14561389645957,0.045,3826.19787,0.4141079504877964,3945.422817834919,3805.812712151137,139.6101056837815,0.0353853343810673,3945.422817834919,3908.734619140625,36.68819869429399,0.009298926981526132
BTC-31JUL26-64000-P,put,63242.94,64000.0,0.14561389645957,0.045,4585.11315,0.4577736467160065,4284.485780644114,4185.5761668961,98.90961374801464,0.0230855273682679,3945.422817834922,4247.797581949817,36.68819869429717,0.008563034299248299
BTC-31JUL26-65000-C,call,63243.62,65000.0,0.14561389645957,0.045,3351.91186,0.4097609675967804,3517.831765455234,3432.772251236045,85.05951421918871,0.0241795287240466,3517.831765455234,3518.51171875,0.6799532947661646,0.00019328761012486154
BTC-31JUL26-65000-P,put,63244.46,65000.0,0.14561389645957,0.045,5106.990145,0.4538083081345062,4849.242504973772,4786.075548496555,63.16695647721736,0.013026149220714,3518.2307458706855,4849.894571603087,0.6520666293145041,0.00013446772947438537
BTC-31JUL26-66000-C,call,63244.32,66000.0,0.14561389645957,0.045,2940.86088,0.4080122899727341,3129.584667215906,3008.9711295212587,120.61353769464722,0.0385397905856771,3129.584667215906,3152.98779296875,23.403125752844062,0.007478029272703333
BTC-31JUL26-66000-P,put,63243.61,66000.0,0.14561389645957,0.045,5676.1139975,0.4510339655434526,5454.60640496928,5308.391158925366,146.2152460439138,0.0268058289065015,3129.2758495722956,5478.049549537609,23.443144568328535,0.004297861812168749
BTC-31JUL26-67000-C,call,63244.2,67000.0,0.14561389645957,0.045,2545.57905,0.4040016652360089,2778.770363393709,2615.9580844921834,162.8122789015256,0.0585914838614743,2778.770363393709,2811.283935546875,32.513572153166024,0.011700704952624166
BTC-31JUL26-67000-P,put,63243.76,67000.0,0.14561389645957,0.045,6340.1869400000005,0.4547920054313893,6097.245426594622,6006.946608547169,90.2988180474531,0.0148097725660825,2778.5960749037476,6129.793394659624,32.54796806500235,0.0053381430117666676
BTC-31JUL26-68000-C,call,63241.22,68000.0,0.14561389645957,0.045,2197.632395,0.4012310479397651,2462.9527020481582,2386.3422927800398,76.61040926811893,0.0311051077856309,2462.9527020481582,2492.097900390625,29.145198342466756,0.011833438099818159
BTC-31JUL26-68000-P,put,63237.06,68000.0,0.14561389645957,0.045,7003.504395,0.4547125660226805,6780.279444904663,6603.46536495586,176.81407994880374,0.0260776980337703,2461.4612969198934,6809.47732767227,29.197882767606643,0.00430629489608259
BTC-31JUL26-69000-C,call,63237.06,69000.0,0.14561389645957,0.045,1897.1118,0.3998885147503028,2181.012580810293,2059.077802570894,121.93477823939884,0.0559074162672172,2181.012580810293,2195.516845703125,14.504264892831998,0.006650243570554441
BTC-31JUL26-69000-P,put,63235.32,69000.0,0.14561389645957,0.045,7698.90021,0.4551590306538209,7494.478119317217,7352.4526747902255,142.02544452699112,0.0189506783882545,2180.4511750385573,7508.983243106784,14.505123789567733,0.0019354414755285482
BTC-31JUL26-70000-C,call,63235.66,70000.0,0.14561389645957,0.045,1628.318245,0.398338521639878,1932.105057066932,1784.4318411615996,147.67321590533265,0.0764312558290752,1932.105057066932,1922.0780029296875,10.027054137244477,0.005189704411035616
BTC-31JUL26-70000-P,put,63236.66,70000.0,0.14561389645957,0.045,8426.284945000001,0.4562769596749506,8238.549515576888,8090.704242793531,147.84527278335645,0.0179455464221973,1932.3937750043406,8228.544290377235,10.005225199653069,0.0012144401366691881
BTC-31JUL26-71000-C,call,63236.66,71000.0,0.14561389645957,0.045,1375.397355,0.394827955117452,1713.6906957617084,1599.7509216101705,113.9397741515379,0.0664879458313762,1713.6906957617084,1670.7745361328125,42.91615962889591,0.025043118769936694
BTC-31JUL26-71000-P,put,63240.74,71000.0,0.14561389645957,0.045,9201.52767,0.4602698488772343,9010.283053643385,8853.536274612932,156.74677903045085,0.0173964322871154,1714.738516776939,8967.439922608632,42.84313103475324,0.004754915109734456
BTC-31JUL26-72000-C,call,63240.34,72000.0,0.14561389645957,0.045,1185.756375,0.3957603036555612,1523.423870142491,1339.5496198303838,183.87425031210728,0.1206980236530683,1523.423870142491,1440.720458984375,82.70341115811607,0.05428785302568519
BTC-31JUL26-72000-P,put,63240.34,72000.0,0.14561389645957,0.045,9976.163635,0.4610565987749337,9812.837203302828,9620.05470262682,192.78250067600675,0.0196459491461979,1523.423870142491,9730.133792144712,82.70341115811607,0.00842808348336601
BTC-31JUL26-73000-C,call,63233.42,73000.0,0.14561389645957,0.045,995.926365,0.3935416616355006,1356.2705334214752,1197.0869202664212,159.183613155054,0.1173686290695117,1356.2705334214752,1227.9398193359375,128.3307140855377,0.09462029213434042
BTC-31JUL26-73000-P,put,63236.19,73000.0,0.14561389645957,0.045,10829.197537500002,0.4688223690073833,10643.853347284488,10327.924932779491,315.9284145049951,0.0296817707081238,1356.8212178302492,10515.615625547987,128.23772173650104,0.012048054172901366
BTC-31JUL26-74000-C,call,63236.51,74000.0,0.14561389645957,0.045,869.5020125,0.3971786940767282,1214.5103773681583,977.2635933696964,237.246783998462,0.1953435626565622,1214.5103773681583,1036.643310546875,177.8670668212833,0.14645166491431788
BTC-31JUL26-74000-P,put,63236.51,74000.0,0.14561389645957,0.045,11682.9452225,0.475020383013134,11494.691303116291,11324.064432773712,170.62687034257942,0.0148439715206898,1214.5103773681622,11316.824236295004,177.86706682128715,0.015473844588855217
BTC-31JUL26-75000-C,call,63239.84,75000.0,0.14561389645957,0.045,743.0681199999999,0.3980201927297693,1093.867424979384,889.5729161918501,204.2945087875338,0.1867634999656234,1093.867424979384,863.498779296875,230.36864568250894,0.21060015173854427
BTC-31JUL26-75000-P,put,63239.96,75000.0,0.14561389645957,0.045,12537.32207,0.4795516369477133,12364.085057399549,12117.77528183756,246.3097755619874,0.0199213912245433,1093.885335357525,12133.736343135773,230.34871426377504,0.01863046988065793
BTC-31JUL26-76000-C,call,63239.8,76000.0,0.14561389645957,0.045,616.5880500000001,0.3957560604004935,991.9143974538074,729.3340798524282,262.5803176013792,0.2647207443257293,991.9143974538074,707.1658325195312,284.74856493427615,0.28706969640244245
BTC-31JUL26-76000-P,put,63239.8,76000.0,0.14561389645957,0.045,13391.02765,0.4813927168895417,13255.742915789711,13015.880251489154,239.86266430055912,0.0180949997162998,991.9143974538019,12970.994350855442,284.74856493426887,0.021481147208662878
BTC-31JUL26-77000-C,call,63238.19,77000.0,0.14561389645957,0.045,521.7150675,0.3963478826643763,907.2024460954726,643.6402636840622,263.5621824114104,0.2905219045051753,907.2024460954726,567.235595703125,339.9668503923476,0.37474199045156675
BTC-31JUL26-77000-P,put,63237.29,77000.0,0.14561389645957,0.045,14354.86483,0.4980910814439502,14166.913139468355,13891.625726353494,275.28741311486374,0.0194317146159332,907.1058248385525,13826.895266289961,340.01787317839444,0.024000844067513946
BTC-31JUL26-78000-C,call,63232.47,78000.0,0.14561389645957,0.045,458.4354074999937,0.4011951914186182,837.8456904387158,555.5553163178903,282.2903741208255,0.3369240629178525,837.8456904387158,442.68194580078125,395.16374463793454,0.4716426296004667
BTC-31JUL26-78000-P,put,63229.83,78000.0,0.14561389645957,0.045,15270.003945,0.5053439947236368,15098.34671926315,14791.115828603391,307.2308906597591,0.0203486445484643,837.6106083394552,14703.058346031117,395.28837323203334,0.02618090447795232
BTC-31JUL26-79000-C,call,63229.83,79000.0,0.14561389645957,0.045,395.1864375,0.4038609733759454,782.941359611199,484.8799965685898,298.0613630426092,0.3806943641227786,782.941359611199,333.7282409667969,449.21311864440213,0.5737506559462856
BTC-31JUL26-79000-P,put,63228.96,79000.0,0.14561389645957,0.045,16154.99928,0.506785940811164,16037.953147768952,15720.047128247676,317.9060195212769,0.019822106760893,782.878240551363,15588.693345938293,449.25980183065985,0.028012290451986797
BTC-31JUL26-80000-C,call,63229.83,80000.0,0.14561389645957,0.045,331.95660749999365,0.4040340882811321,740.8069302751765,391.37577532097714,349.4311549541993,0.4716899109251061,740.8069302751765,239.3900604248047,501.41686985037177,0.676852293571441
BTC-31JUL26-80000-P,put,63228.96,80000.0,0.14561389645957,0.045,17150.8554,0.5264897490097759,16989.300455350844,16558.01066910156,431.2897862492828,0.025385964971468,740.756751839348,16487.854250386496,501.446204964348,0.02951541214320073
BTC-31JUL26-81000-C,call,63228.35,81000.0,0.14561389645957,0.045,303.49607999999995,0.4120153755975767,709.778972745265,324.2340822244236,385.5448905208414,0.5431900708887454,709.778972745265,158.42166137695312,551.3573113683119,0.7768014164124729
BTC-31JUL26-81000-P,put,63228.35,81000.0,0.14561389645957,0.045,18067.5010125,0.531043964375686,17952.40147255065,17618.806752973007,333.59471957764254,0.0185821779937191,709.7789727452619,17401.04416118234,551.3573113683087,0.030712175873035038
BTC-31JUL26-82000-C,call,63223.79,82000.0,0.14561389645957,0.045,265.539918,0.4157994871536069,688.622504566707,289.3070417733506,399.3154627933564,0.5798757085997538,688.622504566707,89.98625183105469,598.6362527356523,0.8693242651317712
BTC-31JUL26-82000-P,put,63222.95,82000.0,0.14561389645957,0.045,19077.525162499995,0.5514501492551476,18930.086818841097,18529.072828398643,401.0139904424541,0.0211839488260204,688.5955227418162,18331.413178728675,598.6736401124217,0.031625509478200725
BTC-31JUL26-83000-C,call,63222.95,83000.0,0.14561389645957,0.045,233.924915,0.4199443746997039,676.46107350644,231.58047196643943,444.8806015400006,0.6576588350220351,676.46107350644,33.86042404174805,642.600649464692,0.9499447560726113
BTC-31JUL26-83000-P,put,63223.84,83000.0,0.14561389645957,0.045,20057.76324,0.5668040998194769,19910.550125157926,19504.463247856856,406.08687730106976,0.0203955628924566,676.4800327647536,19267.98731346251,642.5628116954176,0.032272479045343354
BTC-31JUL26-84000-C,call,63224.03,84000.0,0.14561389645957,0.045,208.639299,0.4248943585047737,672.1493612582549,185.1279090230111,487.02145223524377,0.7245732575324418,672.1493612582549,0.0,672.1493612582549,1.0
BTC-31JUL26-84000-P,put,63223.83,84000.0,0.14561389645957,0.045,21037.7294325,0.5814727802964301,20899.695928637724,20441.70518451921,457.9907441185133,0.021913751553244,672.1470399506652,20216.631333831712,683.0645948060119,0.032682991998464694
BTC-31JUL26-85000-C,call,63217.94,85000.0,0.14561389645957,0.045,189.65382,0.4312906064133248,674.7164808870752,151.9668400277648,522.7496408593105,0.7747693374438279,674.7164808870752,0.0,674.7164808870752,1.0
BTC-31JUL26-85000-P,put,63211.04,85000.0,0.14561389645957,0.045,23293.26824,0.8038942972337173,21908.50480475167,21424.062203017613,484.4426017340557,0.0221120795805739,674.6971197707171,21188.168830000483,720.3359747511859,0.03287928506170601
BTC-31JUL26-86000-C,call,63217.42,86000.0,0.14561389645957,0.045,170.687034,0.4365188178582753,683.4789123912781,137.1124203830036,546.3664920082745,0.7993904158603953,683.4789123912781,0.0,683.4789123912781,1.0
BTC-31JUL26-86000-P,put,63217.3,86000.0,0.14561389645957,0.045,24006.769675,0.7825696145633465,22904.495987505084,22393.349718490084,511.14626901500014,0.0223164163618287,683.4795062302292,22151.220392102492,753.2755954025924,0.03288767392277574
BTC-31JUL26-87000-C,call,63217.8,87000.0,0.14561389645957,0.045,158.0445,0.4437020489134828,697.6615631989347,111.70263776780668,585.958925431128,0.8398899356650451,697.6615631989347,0.0,697.6615631989347,1.0
BTC-31JUL26-88000-C,call,63219.42,88000.0,0.14561389645957,0.045,145.404666,0.4500916545522109,716.62588861488,99.86098874264653,616.7648998722334,0.8606511565809304,716.62588861488,0.0,716.62588861488,1.0
BTC-31JUL26-88000-P,put,63214.2,88000.0,0.14561389645957,0.045,25854.6078,0.796665655321168,24927.77497058823,24322.83348584334,604.9414847448897,0.0242677690029955,716.7208967255865,24119.455883555027,808.3190870332037,0.03242644351479114
BTC-31JUL26-89000-C,call,63214.2,89000.0,0.14561389645957,0.045,132.74982,0.4557775830547862,740.0061235679931,87.00325079432375,653.0028727736693,0.8824290123778553,740.0061235679931,0.0,740.0061235679931,1.0
BTC-31JUL26-89000-P,put,63209.72,89000.0,0.14561389645957,0.045,26895.73586,0.8209602916707983,25949.11593757721,25322.90012453266,626.2158130445496,0.0241324527028575,740.1130674206797,25118.771569802528,830.3443677746836,0.031998946313706686
BTC-31JUL26-90000-C,call,63209.72,90000.0,0.14561389645957,0.045,120.09846799999367,0.4605550980395019,767.220572870202,70.71538264565868,696.5051902245433,0.9078291365661512,767.220572870202,0.0,767.220572870202,1.0
BTC-31JUL26-90000-P,put,63207.8,90000.0,0.14561389645957,0.045,27116.1462,0.7000160643826244,26971.667858340254,26355.559486462436,616.1083718778209,0.0228427984177221,767.2761918898323,26122.925884284894,848.7419740553596,0.03146790841831123
BTC-31JUL26-91000-C,call,63207.8,91000.0,0.14561389645957,0.045,113.77404,0.4684644640267058,797.7816172109156,56.87553095253254,740.906086258383,0.928707894835466,797.7816172109156,0.0,797.7816172109156,1.0
BTC-31JUL26-91000-P,put,63205.58,91000.0,0.14561389645957,0.045,28110.681705,0.7151729995986713,27997.93659906386,27242.60839295052,755.3282061133432,0.0269779954476573,797.8561363195477,27134.176791479666,863.7598075841961,0.0308508380440106
BTC-31JUL26-92000-C,call,63205.58,92000.0,0.14561389645957,0.045,104.289207,0.4737281041594043,831.4053260102698,51.8402073401426,779.5651186701273,0.9376474918811114,831.4053260102698,0.0,831.4053260102698,1.0
BTC-31JUL26-92000-P,put,63206.26,92000.0,0.14561389645957,0.045,29122.284295,0.7341473377070958,29024.248927791217,28308.80703476552,715.4418930256979,0.0246497986840462,831.3796687530121,28148.71467606091,875.534251730307,0.03016561268849813
BTC-31JUL26-93000-C,call,63210.02,93000.0,0.14561389645957,0.045,97.975531,0.4804483749552078,867.4980439137574,41.90492347492647,825.593120438831,0.9516945037871548,867.4980439137574,0.0,867.4980439137574,1.0
BTC-31JUL26-93000-P,put,63210.02,93000.0,0.14561389645957,0.045,30103.772025,0.7471739793958432,30050.076099245875,29138.509414301872,911.5666849440022,0.0303349210142891,867.498043913758,29165.806723545007,884.2693757008674,0.029426527000477667
BTC-31JUL26-94000-C,call,63210.73,94000.0,0.14561389645957,0.045,91.6555585,0.4867149960904509,906.1917426579998,38.64668722576452,867.5450554322354,0.9573526380714884,906.1917426579998,15.92424201965332,890.2675006383465,0.9824272929557435
BTC-31JUL26-94000-P,put,63210.25,94000.0,0.14561389645957,0.045,31099.443,0.7622645525295455,31082.030178134257,30082.968300066867,999.0618780673904,0.0321427484736893,906.2133265082521,30191.75623990115,890.2739382331056,0.028642721634682667
BTC-31JUL26-95000-C,call,63210.25,95000.0,0.14561389645957,0.045,85.3338375,0.4924596210328646,947.1762392154508,29.289287140591853,917.886952074859,0.9690772572960104,947.1762392154508,53.44369125366211,893.7325479617887,0.9435757686468891
BTC-31JUL26-95000-P,put,63211.21,95000.0,0.14561389645957,0.045,32079.689075,0.7739426402564749,32115.455655958205,31252.219955673416,863.2357002847893,0.0268791360001967,947.130008038308,31221.754194825415,893.7014611327904,0.027827768371300902
BTC-31JUL26-96000-C,call,63211.11,96000.0,0.14561389645957,0.045,82.174443,0.5003778402549405,990.1377355421046,21.00141402037036,969.1363215217342,0.9787894014473936,990.1377355421046,95.25691986083984,894.8808156812647,0.903794273825261
BTC-31JUL26-96000-P,put,63211.11,96000.0,0.14561389645957,0.045,33075.2133075,0.7884542043577119,33152.032179755886,32195.4497397057,956.582440050188,0.0288544133543137,990.1377355420991,32257.151364074627,894.8808156812593,0.026993241645913747
BTC-31JUL26-98000-C,call,63211.44,98000.0,0.14561389645957,0.045,72.693156,0.5123197656131473,1081.6051187487258,10.130537664470303,1071.4745810842555,0.9906337927873438,1081.6051187487258,190.2766571044922,891.3284616442336,0.8240793670386682
BTC-31JUL26-98000-P,put,63211.44,98000.0,0.14561389645957,0.045,35066.54634,0.816999321915667,35230.1071555503,34184.592763121866,1045.5143924284348,0.0296767304116394,1081.605118748732,34338.77869390606,891.3284616442397,0.025300191614768226
BTC-31JUL26-100000-C,call,63211.81,100000.0,0.14561389645957,0.045,66.3724005,0.5257698431855549,1179.512414060128,11.722758116758062,1167.78965594337,0.990061352490216,1179.512414060128,297.97705078125,881.5353632788781,0.7473726878757039
BTC-31JUL26-100000-P,put,63212.17,100000.0,0.14561389645957,0.045,37058.13466249999,0.8448736441579666,37314.200038554976,36039.23030402201,1274.9697345329696,0.0341684863460989,1179.4904091656063,36432.67154345187,881.5284951031063,0.023624477925086564
BTC-31JUL26-102000-C,call,63212.08,102000.0,0.14561389645957,0.045,63.21208,0.5415132489925479,1283.0752427297566,7.226172326755572,1275.849070403001,0.9943680837365532,1283.0752427297566,415.62811279296875,867.4471299367879,0.6760687924203764
BTC-31JUL26-102000-P,put,63212.08,102000.0,0.14561389645957,0.045,39080.86846,0.8788599221114834,39404.812464706905,38097.604156318426,1307.208308388479,0.0331738238713681,1283.0752427297557,38537.36533477012,867.447129936787,0.022013735776911
BTC-31JUL26-104000-C,call,63213.54,104000.0,0.14561389645957,0.045,56.892186,0.5526231396769696,1391.6193551247263,5.055574903888599,1386.5637802208378,0.9963671280618,1391.6193551247263,540.764892578125,850.8544625466013,0.6114132139749824
BTC-31JUL26-104000-P,put,63213.63,104000.0,0.14561389645957,0.045,41073.0560925,0.905659170144346,41498.73793189618,40114.68646684944,1384.0514650467449,0.0333516519783835,1391.613117331246,40647.88213878369,850.855793112496,0.02050317275934609
BTC-31JUL26-105000-C,call,63215.99,105000.0,0.14561389645957,0.045,56.894391,0.5616466055227001,1447.5235167258895,1.888197105866841,1445.6353196200228,0.9986955672332444,1447.5235167258895,605.3760375976562,842.1474791282333,0.5817850068737133
BTC-31JUL26-105000-P,put,63216.13,105000.0,0.14561389645957,0.045,42054.5304825,0.9158176119165842,42545.60716324369,41128.97029580984,1416.6368674338446,0.0332969009467495,1447.5135523848585,41703.45829591742,842.1488673262647,0.01979402630440823
BTC-31JUL26-106000-C,call,63216.17,106000.0,0.14561389645957,0.045,47.4121275,0.5578546423655042,1504.6964037424975,4.132602941541951,1500.5638008009555,0.9972535303924012,1504.6964037424975,671.285888671875,833.4105150706225,0.5538728696352
BTC-31JUL26-108000-C,call,63215.64,108000.0,0.14561389645957,0.045,50.57251199999367,0.5796778351974644,1622.2964695080273,1.5384488361921325,1620.758020671835,0.9990516845317068,1622.2964695080273,805.7258911132812,816.570578394746,0.5033423876231308
BTC-31JUL26-110000-C,call,63213.69,110000.0,0.14561389645957,0.045,47.4102675,0.5920592828396796,1744.0603740010588,0.4477792736293196,1743.6125947274295,0.99974325471738,1744.0603740010588,942.3543701171875,801.7060038838713,0.45967789638191997
BTC-31JUL26-115000-C,call,63213.56,115000.0,0.14561389645957,0.045,34.767458,0.6104992399139871,2064.597601934175,0.0096501284991351,2064.587951805676,0.999995325903464,2064.597601934175,1284.402587890625,780.1950140435501,0.3778920470084053
BTC-31JUL26-120000-C,call,63213.26,120000.0,0.14561389645957,0.045,34.767293,0.6479124383275245,2407.0441500745305,0.8509968564860246,2406.1931532180447,0.9996464556512352,2407.0441500745305,1615.62939453125,791.4147555432805,0.32879112562965473
BTC-28AUG26-46000-C,call,63377.6,46000.0,0.2223262252266933,0.045,18125.9936,0.4496703867953819,18529.71988030209,17935.36691840323,594.352961898865,0.0320756582257181,18529.71988030209,16558.111328125,1971.608552177091,0.10640250176005077
BTC-28AUG26-46000-P,put,63377.6,46000.0,0.2223262252266933,0.045,744.6868,0.5672784693006625,694.1990891770183,189.99002704082187,504.2090621361965,0.7263176659219512,18529.719880302095,0.0,694.1990891770183,1.0
BTC-28AUG26-48000-C,call,63377.67,48000.0,0.2223262252266933,0.045,16335.594442499998,0.4531114330556414,16602.93238159934,16211.17966074868,391.7527208506599,0.0235953933827274,16602.93238159934,14869.287109375,1733.6452722243412,0.10441801679236504
BTC-28AUG26-48000-P,put,63377.67,48000.0,0.2223262252266933,0.045,950.66505,0.5497978134523314,747.4319908601319,322.0983181822116,425.33367267792033,0.5690600320551622,16602.93238159934,0.0,747.4319908601319,1.0
BTC-28AUG26-50000-C,call,63377.09,50000.0,0.2223262252266933,0.045,14560.8864275,0.4446834786582672,14754.107816249203,14601.64511338458,152.4627028646246,0.0103335765715845,14754.107816249203,13272.0732421875,1482.034574061703,0.1004489456441065
BTC-28AUG26-50000-P,put,63378.73,50000.0,0.2223262252266933,0.045,1188.3511875,0.5304618648821627,879.1864199198099,537.7317912255303,341.4546286942796,0.3883756856997671,14755.656410273157,0.0,879.1864199198099,1.0
BTC-28AUG26-52000-C,call,63386.5,52000.0,0.2223262252266933,0.045,12027.588374999994,0.2578230267829028,13008.953855667069,12795.645045394607,213.3088102724596,0.0163970764013077,13008.953855667069,11778.9814453125,1229.9724103545686,0.09454814153397569
BTC-28AUG26-52000-P,put,63386.5,52000.0,0.2223262252266933,0.045,1489.58275,0.5134864141696123,1104.8042656995897,787.2036215366519,317.6006441629376,0.2874723188743527,13008.953855667067,0.0,1104.8042656995897,1.0
BTC-28AUG26-53000-C,call,63386.5,53000.0,0.2223262252266933,0.045,11726.5025,0.3862971842528814,12172.17653941481,11778.247957107866,393.928582306944,0.0323630355697981,12172.17653941481,11065.5712890625,1106.6052503523097,0.09091268490635208
BTC-28AUG26-53000-P,put,63385.81,53000.0,0.2223262252266933,0.045,1695.5704174999998,0.5091722822922407,1258.1551386338033,959.3300417119328,298.82509692187057,0.2375105324819932,12171.569528408349,151.62662585045473,1106.5285127833486,0.8794849528531895
BTC-28AUG26-54000-C,call,63379.35,54000.0,0.2223262252266933,0.045,11265.679462499998,0.4338600619806096,11358.443006598827,11188.212714882511,170.23029171631606,0.0149871150136879,11358.443006598827,10372.0078125,986.4351940988272,0.0868459870358768
BTC-28AUG26-54000-P,put,63379.35,54000.0,0.2223262252266933,0.045,1901.3805,0.5022980420771759,1441.533817017218,1191.0118999069512,250.5219171102669,0.173788442666326,11358.443006598827,455.0986229183909,986.4351940988272,0.6842955624446825
BTC-28AUG26-55000-C,call,63372.03,55000.0,0.2223262252266933,0.045,10503.9139725,0.4326255768923046,10575.64194655126,10367.294498962014,208.34744758924532,0.0197006903828838,10575.64194655126,9704.11328125,871.5286653012608,0.08240905561155729
BTC-28AUG26-55000-P,put,63365.25,55000.0,0.2223262252266933,0.045,2138.5771875,0.4966380244019822,1657.270677122353,1412.511622426762,244.75905469559095,0.1476880379737274,10570.034666511034,786.4918699863192,870.7788071360337,0.5254294420076473
BTC-28AUG26-56000-C,call,63365.25,56000.0,0.2223262252266933,0.045,9742.4071875,0.4282967324983337,9825.718327936003,9630.73349406062,194.98483387538363,0.019844333754308,9825.718327936003,9062.625,763.0933279360033,0.07766285399881794
BTC-28AUG26-56000-P,put,63364.83,56000.0,0.2223262252266933,0.045,2392.0223325,0.4907743036635851,1903.084228851185,1677.6483378888786,225.4358909623063,0.1184581783321239,9825.383018046938,1140.0195701792472,763.0646586719377,0.4009621051468484
BTC-28AUG26-57000-C,call,63356.72,57000.0,0.2223262252266933,0.045,9060.01096,0.4297956625305325,9107.99746698318,8925.640115409573,182.3573515736061,0.0200216735055821,9107.99746698318,8446.1044921875,661.8929747956809,0.07267162482148977
BTC-28AUG26-57000-P,put,63356.72,57000.0,0.2223262252266933,0.045,2676.821419999994,0.4856783737446851,2183.853877980364,2012.3761018788343,171.47777610152957,0.0785207187305557,9107.997466983179,1521.9609031846849,661.892974795679,0.3030848269975829
BTC-28AUG26-58000-C,call,63354.34,58000.0,0.2223262252266933,0.045,8362.77288,0.4261069813117804,8429.348979594193,8270.799573428207,158.5494061659865,0.0188092113103637,8429.348979594193,7859.83642578125,569.5125538129432,0.06756305323123077
BTC-28AUG26-58000-P,put,63353.66,58000.0,0.2223262252266933,0.045,2977.62202,0.4799676824945096,2497.809509698942,2334.446564066183,163.36294563275897,0.0654024836555486,8428.84789850883,1928.3893455651123,569.4201641338295,0.22796781016437923
BTC-28AUG26-59000-C,call,63352.35,59000.0,0.2223262252266933,0.045,7697.310525,0.4227639965134684,7785.751733993566,7668.711758434171,117.0399755593944,0.0150325851065072,7785.751733993566,7299.8505859375,485.9011480560657,0.06240902158934256
BTC-28AUG26-59000-P,put,63352.35,59000.0,0.2223262252266933,0.045,3310.1602875,0.475039476431488,2846.0685453766278,2703.5908941372763,142.47765123935096,0.0500612156621465,7785.751733993573,2360.1673973205543,485.90114805607345,0.17072714177787762
BTC-28AUG26-60000-C,call,63352.35,60000.0,0.2223262252266933,0.045,7063.787025,0.4195549545453698,7178.600728182493,7089.520126050083,89.0806021324106,0.012409187459429,7178.600728182493,6766.94873046875,411.6519977137432,0.05734432284242209
BTC-28AUG26-60000-P,put,63348.84,60000.0,0.2223262252266933,0.045,3690.069929999993,0.4720472364519421,3230.1152007264755,3040.355772523872,189.75942820260389,0.0587469537185316,7176.243189150489,2818.775820169736,411.33938055673934,0.1273451115502711
BTC-28AUG26-61000-C,call,63346.95,61000.0,0.2223262252266933,0.045,6461.388899999999,0.416755136783685,6603.087652060065,6469.198811525119,133.8888405349462,0.0202767019900417,6603.087652060065,6256.75,346.337652060065,0.05245086394575011
BTC-28AUG26-61000-P,put,63346.95,61000.0,0.2223262252266933,0.045,4085.878275,0.4680960041039234,3648.894863828988,3451.7702840620022,197.1245797669853,0.054023091133991,6603.087652060065,3302.5572117689226,346.33765206006547,0.09491576627577429
BTC-28AUG26-62000-C,call,63344.4,62000.0,0.2223262252266933,0.045,5906.8653,0.4152581227415543,6064.611485224734,5843.928276234323,220.683208990411,0.0363886803842362,6064.611485224734,5773.8779296875,290.73355553723377,0.047939353781450054
BTC-28AUG26-62000-P,put,63336.92,62000.0,0.2223262252266933,0.045,4512.75555,0.4642052005615691,4105.975475975807,3916.480836972225,189.4946390035825,0.046150942720511,6060.093064013956,3815.799892430601,290.1755835452059,0.07067153353521774
BTC-28AUG26-63000-C,call,63336.92,63000.0,0.2223262252266933,0.045,5367.80397,0.4126008577082823,5558.087707679577,5484.354715130726,73.73299254885114,0.0132658922324983,5558.087707679577,5313.962890625,244.12481705457685,0.04392244777232843
BTC-28AUG26-63000-P,put,63336.92,63000.0,0.2223262252266933,0.045,4987.78245,0.4624016286184457,4594.015319834361,4450.955315805119,143.06000402924292,0.0311405152289307,5558.087707679573,4349.890502779788,244.1248170545732,0.0531397481415833
BTC-28AUG26-64000-C,call,63333.02,64000.0,0.2223262252266933,0.045,4844.97603,0.4084698055754653,5088.0123174609325,4846.1559176465,241.85639981443276,0.0475345546991769,5088.0123174609325,4881.0673828125,206.94493464843254,0.04067304120672886
BTC-28AUG26-64000-P,put,63335.68,64000.0,0.2223262252266933,0.045,5478.536319999999,0.4594998621341732,5116.651456322499,5005.749524369794,110.90193195270513,0.0216747091138417,5089.438643974783,4909.575117035216,207.0763392872832,0.040471066097614465
BTC-28AUG26-65000-C,call,63332.83,65000.0,0.2223262252266933,0.045,4401.631685,0.4082200109401257,4653.328347288192,4459.504830451151,193.8235168370411,0.0416526628622704,4653.328347288192,4474.6767578125,178.65158947569216,0.03839221652600648
BTC-28AUG26-65000-P,put,63317.48,65000.0,0.2223262252266933,0.045,6015.1606,0.4574188407243128,5681.073491751369,5464.648199619206,216.42529213216312,0.0380958444643255,4645.615479210719,5503.2358445719,177.83764717946906,0.0313035287147192
BTC-28AUG26-66000-C,call,63317.13,66000.0,0.2223262252266933,0.045,3941.4913425,0.4045607081453874,4243.717795251043,4040.936162742686,202.7816325083568,0.0477839579095671,4243.717795251043,4085.888916015625,157.82887923541784,0.037191181612509006
BTC-28AUG26-66000-P,put,63317.13,66000.0,0.2223262252266933,0.045,6584.981519999999,0.4564948852421124,6269.571007984625,6106.751182583418,162.8198254012068,0.0259698510781435,4243.717795251039,6111.742128749211,157.8288792354142,0.02517379243881454
BTC-28AUG26-67000-C,call,63317.13,67000.0,0.2223262252266933,0.045,3545.75928,0.4030821096606887,3873.267780397702,3723.76363827065,149.5041421270521,0.0385989687786836,3873.267780397702,3727.81640625,145.45137414770215,0.037552625430087715
BTC-28AUG26-67000-P,put,63315.59,67000.0,0.2223262252266933,0.045,7170.4905675,0.4545614521467716,6890.033204742504,6695.5621750024975,194.4710297400061,0.0282249771461404,3872.59479181598,6744.641537926524,145.39166681598,0.021101736739948498
BTC-28AUG26-68000-C,call,63318.27,68000.0,0.2223262252266933,0.045,3165.9135,0.4003743776714897,3533.3726970973585,3336.9785214976614,196.39417559969704,0.0555826380163727,3533.3726970973585,3393.318359375,140.05433772235847,0.03963757852020879
BTC-28AUG26-68000-P,put,63315.59,68000.0,0.2223262252266933,0.045,7819.475364999999,0.4558557639658008,7539.769276418272,7373.494500001856,166.274776416416,0.0220530324364784,3532.285663298826,7399.790986166321,139.97829025195097,0.01856532807837416
BTC-28AUG26-69000-C,call,63312.02,69000.0,0.2223262252266933,0.045,2833.212895,0.3994900406378697,3219.4568270816308,3047.049513071429,172.40731401020184,0.0535516775873293,3219.4568270816308,3078.732666015625,140.72416106600576,0.04371052901913557
BTC-28AUG26-69000-P,put,63311.24,69000.0,0.2223262252266933,0.045,8483.70616,0.456112075630492,8221.043160798166,8003.73133932271,217.3118214754568,0.0264336066877379,3219.1643474857847,8080.338774249882,140.70438654828467,0.01711514996286967
BTC-28AUG26-70000-C,call,63311.24,70000.0,0.2223262252266933,0.045,2532.4496,0.3988168616474821,2935.2797769000936,2709.219588507088,226.06018839300577,0.077014869305489,2935.2797769000936,2788.179443359375,147.10033354071857,0.050114586929110076
BTC-28AUG26-70000-P,put,63311.16,70000.0,0.2223262252266933,0.045,9195.94599,0.4587137886131688,8927.25614564294,8615.360302440604,311.8958432023355,0.0349374811379821,2935.252132137626,8780.153183427188,147.10296221575118,0.016477959164143244
BTC-28AUG26-71000-C,call,63308.09,71000.0,0.2223262252266933,0.045,2247.4371949999995,0.3972643440474905,2676.4782799520763,2438.081545132479,238.39673481959744,0.0890710515401104,2676.4782799520763,2518.250732421875,158.22754753020126,0.05911781489705734
BTC-28AUG26-71000-P,put,63308.09,71000.0,0.2223262252266933,0.045,10050.1592875,0.4719549152295544,9661.597493650332,9433.741340870982,227.85615277935176,0.0235836933725608,2676.4782799520763,9503.369946120132,158.22754753019944,0.01637695501537791
BTC-28AUG26-72000-C,call,63304.95,72000.0,0.2223262252266933,0.045,1994.105925,0.3963268793959302,2442.5139376030274,2198.4114248974765,244.1025127055509,0.0999390459753536,2442.5139376030274,2269.093994140625,173.41994346240244,0.07100059524433622
BTC-28AUG26-72000-P,put,63297.78,72000.0,0.2223262252266933,0.045,10681.500375,0.4629047037840442,10425.909313819226,10293.700657006337,132.20865681288888,0.0126807794728897,2440.4348999280483,10252.576952953677,173.33236086554825,0.01662515524049317
BTC-28AUG26-73000-C,call,63297.76,73000.0,0.2223262252266933,0.045,1772.3372800000002,0.3963231475624195,2230.8722986347657,2006.702087900564,224.17021073420187,0.1004854517541806,2230.8722986347657,2038.937744140625,191.93455449414068,0.08603565278550436
BTC-28AUG26-73000-P,put,63297.76,73000.0,0.2223262252266933,0.045,10728.97032,0.394401008736471,11206.411912718882,10968.261533633977,238.1503790849056,0.0212512605229701,2230.872298634771,11014.477358224736,191.93455449414614,0.01712720860066791
BTC-28AUG26-74000-C,call,63289.05,74000.0,0.2223262252266933,0.045,1582.2262500000002,0.3974588613354796,2041.0226330481185,1812.34939045445,228.6732425936682,0.1120385628708886,2041.0226330481185,1827.887451171875,213.13518187624345,0.10442568270687994
BTC-28AUG26-74000-P,put,63297.78,74000.0,0.2223262252266933,0.045,11409.424845,0.382344205481994,12008.678093454044,11709.766720765358,298.91137268868624,0.0248912803193236,2043.1132791769924,11795.527216620801,213.15087683324236,0.017749736913127128
BTC-28AUG26-75000-C,call,63297.78,75000.0,0.2223262252266933,0.045,1392.55116,0.3961019201015961,1875.7372921709973,1546.6064354539285,329.13085671706904,0.1754674591643532,1875.7372921709973,1639.411865234375,236.3254269366223,0.12599068532837926
BTC-28AUG26-75000-P,put,63298.11,75000.0,0.2223262252266933,0.045,13086.8842425,0.4742193250712909,12831.088726887045,12575.703503314457,255.38522357258807,0.0199036285235436,1875.808712417056,12594.75621075905,236.3325161279954,0.01841874225628024
BTC-28AUG26-76000-C,call,63294.94,76000.0,0.2223262252266933,0.045,1234.25133,0.3965001173794206,1726.8239218110466,1363.118181855454,363.7057399555927,0.210621207733877,1726.8239218110466,1465.9832763671875,260.8406454438591,0.1510522538802314
BTC-28AUG26-76000-P,put,63295.1,76000.0,0.2223262252266933,0.045,14273.04505,0.5138837617471907,13675.190252447494,13468.024623500858,207.16562894663548,0.0151490125637965,1726.8550377845822,13414.356332826974,260.83391962051974,0.019073513041168656
BTC-28AUG26-77000-C,call,63295.1,77000.0,0.2223262252266933,0.045,1107.66425,0.3987687766622911,1596.2322198195616,1294.0317681611346,302.200451658427,0.1893211074843407,1596.2322198195616,1310.1236572265625,286.1085625929991,0.1792399370470926
BTC-28AUG26-77000-P,put,63292.21,77000.0,0.2223262252266933,0.045,15126.83819,0.5194659271615609,14537.00017521556,14130.92986553945,406.0703096761081,0.0279335698412129,1595.7297603597108,14250.87161114491,286.1285640706501,0.019682779158142732
BTC-28AUG26-78000-C,call,63292.21,78000.0,0.2223262252266933,0.045,981.029255,0.3993636877786697,1481.559508767148,1131.605716291561,349.9537924755871,0.2362063693052697,1481.559508767148,1169.9283447265625,311.6311640405854,0.2103399574546307
BTC-28AUG26-78000-P,put,63288.86,78000.0,0.2223262252266933,0.045,15996.259364999998,0.52550706985184,15415.707617105989,15063.107634260408,352.5999828455806,0.0228727731222872,1481.0420020572055,15104.056362119096,311.65125498689304,0.020216474178653354
BTC-28AUG26-79000-C,call,63291.18,79000.0,0.2223262252266933,0.045,870.253725,0.4002690545118084,1382.4145742338424,1010.3138652614005,372.1007089724419,0.269167235290952,1382.4145742338424,1045.4693603515625,336.94521388227986,0.24373673437942495
BTC-28AUG26-79000-P,put,63291.18,79000.0,0.2223262252266933,0.045,16882.922265,0.5328289774463926,16304.80538947555,15893.283349361896,411.52204011365575,0.0252393101471352,1382.4145742338442,15967.860175593269,336.9452138822817,0.020665393166837402
BTC-28AUG26-80000-C,call,63295.82,80000.0,0.2223262252266933,0.045,775.373795,0.4016746145942332,1297.9810970468925,874.2253179301636,423.75577911672895,0.3264729972422855,1297.9810970468925,936.3642578125,361.6168392343925,0.27859946501310895
BTC-28AUG26-80000-P,put,63300.95,80000.0,0.2223262252266933,0.045,17771.7417125,0.5401224953932872,17201.261166393786,16792.243816911883,409.0173494819028,0.023778334944475,1298.5951509591396,16839.69671611824,361.5644502755458,0.021019647732686986
BTC-28AUG26-81000-C,call,63304.99,81000.0,0.2223262252266933,0.045,696.35489,0.4039213913049906,1226.7667890337416,797.812831487893,428.9539575458485,0.3496621863098467,1226.7667890337416,841.5376586914062,385.22913034233534,0.31401985592205317
BTC-28AUG26-81000-P,put,63304.99,81000.0,0.2223262252266933,0.045,18674.97205,0.5477147034605778,18115.43800466133,17644.986772794888,470.451231866442,0.0259696305297939,1226.766789033747,17730.20887431899,385.2291303423408,0.021265239639428894
BTC-28AUG26-82000-C,call,63305.34,82000.0,0.2223262252266933,0.045,633.0534,0.4076190203262079,1166.3552382215275,654.1802651681472,512.1749730533803,0.4391243390258622,1166.3552382215275,758.7290649414062,407.6261732801213,0.34948715444676576
BTC-28AUG26-82000-P,put,63305.79,82000.0,0.2223262252266933,0.045,19593.142005,0.5559802487611991,19044.31191435297,18466.4362086972,577.8757056557733,0.0303437429640212,1166.3954985324526,18636.687106738485,407.62480761448387,0.02140401866172296
BTC-28AUG26-83000-C,call,63305.79,83000.0,0.2223262252266933,0.045,569.75211,0.4101052242065368,1116.8371240485285,651.3026939887429,465.5344300597856,0.4168328756589195,1116.8371240485285,688.32470703125,428.5124170172785,0.3836838942673425
BTC-28AUG26-83000-P,put,63303.29,83000.0,0.2223262252266933,0.045,19845.581415,0.4758315113489264,19987.10909618259,19420.70419822001,566.4048979625804,0.0283385103486907,1116.647480169151,19558.58185527125,428.5272409113386,0.021440181211258038
BTC-28AUG26-84000-C,call,63298.42,84000.0,0.2223262252266933,0.045,506.38736,0.4114050813771888,1076.800339269932,536.2934566443314,540.5068826256006,0.5019564564699738,1076.800339269932,629.048583984375,447.751755285557,0.41581687798234873
BTC-28AUG26-84000-P,put,63298.42,84000.0,0.2223262252266933,0.045,20825.180179999992,0.4881052947189708,20942.17715547631,20345.139371696645,597.0377837796659,0.0285088689369406,1076.800339269932,20494.425400190754,447.751755285557,0.02138038237196706
BTC-28AUG26-85000-C,call,63296.98,85000.0,0.2223262252266933,0.045,443.0788599999937,0.4111161594111189,1046.38457148904,448.2006499394861,598.1839215495538,0.5716673753114673,1046.38457148904,581.321044921875,465.0635265671649,0.4444479966914689
BTC-28AUG26-85000-P,put,63294.55,85000.0,0.2223262252266933,0.045,21931.561575,0.518907646560898,21905.55154402199,21385.6119747647,519.9395692572907,0.0237355160043519,1046.2595276226784,21440.454003704,465.09754031799093,0.0212319484119502
BTC-28AUG26-86000-C,call,63293.06,86000.0,0.2223262252266933,0.045,411.40489,0.4164983379538488,1024.2544732591175,438.918913956853,585.3355593022648,0.5714747404907701,1024.2544732591175,543.8129272460938,480.44154601302375,0.46906463047633756
BTC-28AUG26-86000-P,put,63292.99,86000.0,0.2223262252266933,0.045,22785.4764,0.5122465065105924,22875.14884524808,22201.382911017048,673.765934231029,0.0294540568364866,1024.2516286558239,22394.70635965866,480.44248558942127,0.02100281352657624
BTC-28AUG26-88000-C,call,63292.99,88000.0,0.2223262252266933,0.045,348.11144499999995,0.4247826117798129,1002.6262335493276,342.2189517857676,660.4072817635599,0.6586774409698996,1002.6262335493276,497.5733947753906,505.05283877393697,0.5037299263415784
BTC-28AUG26-88000-P,put,63293.13,88000.0,0.2223262252266933,0.045,24953.3165025,0.567673658312801,24833.476856861053,24132.57993263136,700.8969242296953,0.0282238740982437,1002.6292398829391,24328.41344339413,505.0634134669235,0.020338006489308138
BTC-28AUG26-90000-C,call,63293.13,90000.0,0.2223262252266933,0.045,287.9837415,0.4304850914714028,1006.501702939043,266.6041446161844,739.8975583228586,0.7351180392068042,1006.501702939043,484.93438720703125,521.5673157320117,0.5181981453275291
BTC-28AUG26-90000-P,put,63286.34,90000.0,0.2223262252266933,0.045,27165.661445,0.6268749775187543,26824.1950932943,26108.082095123948,716.1129981703525,0.0266965325773883,1006.4670759303262,26302.624532256552,521.5705610377481,0.019444033985874715
BTC-28AUG26-92000-C,call,63281.45,92000.0,0.2223262252266933,0.045,243.6335825,0.437782830459154,1031.7315993664552,176.86932611189303,854.8622732545621,0.8285704089896041,1031.7315993664552,501.37872314453125,530.3528762219239,0.5140415167545438
BTC-28AUG26-92000-P,put,63281.45,92000.0,0.2223262252266933,0.045,28967.0837375,0.6260930801796262,28834.4400171163,27980.366626497183,854.0733906191163,0.0296199055751432,1031.7315993664524,28304.08714089438,530.3528762219212,0.018393035408598206
BTC-28AUG26-94000-C,call,63279.36,94000.0,0.2223262252266933,0.045,211.98585599999367,0.4466044136412141,1074.7810889180794,153.1890732806572,921.5920156374222,0.8574695118288098,1074.7810889180794,542.6012573242188,532.1798315938606,0.4951518379706286
BTC-28AUG26-94000-P,put,63276.48,94000.0,0.2223262252266933,0.045,31195.30464,0.6868924388781136,30862.609862588837,29877.563302052684,985.0465605361496,0.0319171503940179,1074.8410444531328,30330.445820088826,532.1640425000114,0.017243001964817376
BTC-28AUG26-95000-C,call,63276.79,95000.0,0.2223262252266933,0.045,196.158049,0.4501803009391421,1102.084736764998,127.00956180211476,975.0751749628832,0.8847551757454404,1102.084736764998,571.2756958007812,530.8090409642168,0.4816408605043619
BTC-28AUG26-95000-P,put,63276.79,95000.0,0.2223262252266933,0.045,32176.247715,0.6979467875606148,31879.58875509364,30922.755689886817,956.8330652068216,0.0300139714021229,1102.0847367649985,31348.77971412942,530.8090409642173,0.01665043564526553
BTC-28AUG26-96000-C,call,63275.61,96000.0,0.2223262252266933,0.045,183.499269,0.4544416536253884,1132.7636344291243,121.87677580576988,1010.8868586233544,0.8924075843349334,1132.7636344291243,604.68310546875,528.0805289603743,0.46618774906780047
BTC-28AUG26-96000-P,put,63279.57,96000.0,0.2223262252266933,0.045,34139.328015,0.8370069184498627,32897.41004754061,31960.456031833783,936.954015706826,0.028481087549227,1132.6408290190302,32369.331169205172,528.0788783354365,0.016052293404626706
BTC-28AUG26-98000-C,call,63279.57,98000.0,0.2223262252266933,0.045,161.36290350000002,0.462808848186415,1202.9982654662388,86.11818773473907,1116.8800777314998,0.928413705815808,1202.9982654662388,683.765869140625,519.2323963256138,0.4316152493573031
BTC-28AUG26-98000-P,put,63278.79,98000.0,0.2223262252266933,0.045,34961.531475,0.7058275005392934,34948.66892404212,33756.33274980787,1192.3361742342458,0.0341167835841097,1203.0293051346816,34429.42825416134,519.2406698807754,0.014857237367445944
BTC-28AUG26-100000-C,call,63277.4,100000.0,0.2223262252266933,0.045,142.37415,0.4709756544196783,1284.0566409950325,73.5612106143877,1210.4954303806448,0.9427118646749229,1284.0566409950325,777.1461181640625,506.91052283096997,0.39477271223655547
BTC-28AUG26-100000-P,put,63277.34,100000.0,0.2223262252266933,0.045,37017.2439,0.7399907717521211,37011.23950742149,35844.301301759064,1166.9382056624236,0.0315292927552029,1284.0594881281722,36504.32613745738,506.91336996410973,0.013696200849000573
BTC-28AUG26-105000-C,call,63277.34,105000.0,0.2223262252266933,0.045,110.735345,0.4935475935492698,1523.561262435645,27.152641926195603,1496.4086205094493,0.982178175177027,1523.561262435645,1054.2764892578125,469.28477317783245,0.3080183152120901
BTC-28AUG26-105000-P,put,63277.67,105000.0,0.2223262252266933,0.045,42032.1922975,0.8040374964509871,42200.616538613205,40602.30733679723,1598.3092018159732,0.0378740722982929,1523.5405183552357,41731.33737279703,469.2791658161732,0.011120196914345713
BTC-28AUG26-110000-C,call,63283.1,110000.0,0.2223262252266933,0.045,88.59634,0.5151022804957333,1803.4400712441573,21.1201969127546,1782.3198743314028,0.9882889388732587,1803.4400712441573,1366.6470947265625,436.79297651759475,0.24219988425579345
BTC-28AUG26-110000-P,put,63284.79,110000.0,0.2223262252266933,0.045,46988.956575,0.8564548727881431,47423.49574000532,45584.7999052856,1838.6958347197212,0.0387718325279138,1803.3137187826796,46986.71925266795,436.77648733736714,0.009210128450503766
BTC-25SEP26-30000-P,put,63480.19,30000.0,0.2990385539938166,0.045,193.61457949999365,0.7370659880309596,1798.9014695870428,0.4794001151030079,1798.4220694719395,0.9997335039616077,35680.08940485286,0.0,1798.9014695870428,1.0
BTC-25SEP26-35000-P,put,63482.36,35000.0,0.2990385539938166,0.045,349.15298,0.6736690285083239,1292.53210323221,8.307326648571717,1284.2247765836382,0.993572827608848,30242.72302770899,0.0,1292.53210323221,1.0
BTC-25SEP26-40000-C,call,63480.33,40000.0,0.2990385539938166,0.045,24043.1749875,0.3642919086662087,24976.918818917737,23914.53997548967,1062.378843428065,0.0425344235263882,24976.918818917737,23044.736328125,1932.1824907927366,0.07735872085748562
BTC-25SEP26-40000-P,put,63475.96,40000.0,0.2990385539938166,0.045,571.28364,0.6093115420636376,961.7362261266536,62.66226613108488,899.0739599955687,0.9348446440626926,24972.360139814402,0.0,961.7362261266536,1.0
BTC-25SEP26-45000-C,call,63476.35,45000.0,0.2990385539938166,0.045,19439.6321875,0.4338816121815462,19968.402555164248,19206.32416499651,762.0783901677387,0.0381642140908587,19968.402555164248,18438.20703125,1530.195523914248,0.07663084313765035
BTC-25SEP26-45000-P,put,63476.35,45000.0,0.2990385539938166,0.045,952.14525,0.5573632260949273,890.5556522655315,274.4519830636337,616.1036692018979,0.6918193912245229,19968.402555164248,0.0,890.5556522655315,1.0
BTC-25SEP26-50000-C,call,63475.3,50000.0,0.2990385539938166,0.045,15107.1214,0.4320200436802991,15384.381057078775,14859.081276438048,525.2997806407275,0.0341450058141287,15384.381057078775,14324.9423828125,1059.4386742662755,0.06886456272342519
BTC-25SEP26-50000-P,put,63475.24,50000.0,0.2990385539938166,0.045,1634.48743,0.5208003600429306,1240.755891760251,839.6104612626257,401.1454304976253,0.3233072944981331,15384.325783869936,181.3158500778154,1059.4400416824355,0.8538666217247746
BTC-25SEP26-55000-C,call,63474.43,55000.0,0.2990385539938166,0.045,11219.1055025,0.4232974902214502,11404.54750903792,10918.92431451849,485.6231945194286,0.0425815398756136,11404.54750903792,10766.0927734375,638.4547356004205,0.05598246972047381
BTC-25SEP26-55000-P,put,63474.26,55000.0,0.2990385539938166,0.045,2729.39318,0.4923028536102097,2194.9872209799432,1976.01770103562,218.9695199443231,0.0997589042211211,11404.4101023006,1556.5409858668427,638.4462351131006,0.29086558181786076
BTC-25SEP26-56000-C,call,63476.4,56000.0,0.2990385539938166,0.045,10489.4751,0.4194483022490911,10695.511582952742,10275.513485045554,419.9980979071879,0.0392686310186985,10695.511582952742,10126.68359375,568.8279892027422,0.05318380376581333
BTC-25SEP26-56000-P,put,63478.71,56000.0,0.2990385539938166,0.045,3015.238725,0.4880255724050892,2470.079073543769,2193.125315202152,276.9537583416177,0.1121234381959594,10697.318552706616,1901.0681380246533,569.0109355191157,0.23036142511128926
BTC-25SEP26-58000-C,call,63478.71,58000.0,0.2990385539938166,0.045,9156.8039175,0.4167678131403909,9366.679896212736,9129.943795489522,236.7361007232139,0.0252742811056171,9366.679896212736,8919.294921875,447.3849743377359,0.04776345293049127
BTC-25SEP26-58000-P,put,63477.09,58000.0,0.2990385539938166,0.045,3665.8019475,0.4806837433032231,3113.148713045375,2874.4444397194184,238.7042733259568,0.0766761550213414,9365.501387892611,2665.893418902764,447.2552941426111,0.14366653679871674
BTC-25SEP26-60000-C,call,63480.11,60000.0,0.2990385539938166,0.045,7919.1437225,0.4132228831039667,8159.754383447478,7870.338431093493,289.4159523539847,0.0354687088303884,8159.754383447478,7808.9853515625,350.7690318849782,0.04298769489882354
BTC-25SEP26-60000-P,put,63480.11,60000.0,0.2990385539938166,0.045,4427.7376725,0.4753106316310165,3877.6485129158536,3675.919341957208,201.72917095864568,0.0520235834389622,8159.754383447478,3526.8794810308755,350.7690318849782,0.09045921277202414
BTC-25SEP26-62000-C,call,63480.11,62000.0,0.2990385539938166,0.045,6776.5017425,0.4087651169087568,7074.432021413486,6908.691838403105,165.74018301038086,0.0234280550733549,7074.432021413486,6795.5849609375,278.8470604759859,0.03941617639860673
BTC-25SEP26-62000-P,put,63483.96,62000.0,0.2990385539938166,0.045,5285.03967,0.4701674570600995,4764.098734821302,4593.5093365396,170.58939828170242,0.0358072759984688,7076.78780103731,4485.050679877742,279.0480549435597,0.05857310489893249
BTC-25SEP26-64000-C,call,63485.38,64000.0,0.2990385539938166,0.045,5761.298234999999,0.4054725329445341,6112.106131483855,5765.4724075833765,346.6337239004788,0.0567126480534992,6112.106131483855,5881.82080078125,230.28533070260528,0.03767691950183761
BTC-25SEP26-64000-P,put,63485.38,64000.0,0.2990385539938166,0.045,6269.181275,0.4673734204474991,5771.263869583454,5667.250563615413,104.0133059680411,0.0180226217893496,6112.106131483852,5540.978538880852,230.28533070260164,0.03990206233963492
BTC-25SEP26-65000-C,call,63480.26,65000.0,0.2990385539938166,0.045,5316.471775000001,0.4057208950922172,5670.318223163758,5519.707412868149,150.61081029560955,0.0265612624138713,5670.318223163758,5456.81591796875,213.50230519500838,0.037652614331737555
BTC-25SEP26-65000-P,put,63477.57,65000.0,0.2990385539938166,0.045,6807.9693825,0.466506351141542,6322.509286069406,6065.280931170417,257.228354898989,0.0406845357215605,5668.908145811998,6109.129948851158,213.3793372182481,0.03374915362930251
BTC-25SEP26-66000-C,call,63472.03,66000.0,0.2990385539938166,0.045,4871.4783025,0.4041000616242882,5255.457392100609,5028.584391463658,226.87300063695056,0.0431690305353744,5255.457392100609,5054.12841796875,201.32897413185856,0.0383085541582875
BTC-25SEP26-66000-P,put,63472.03,66000.0,0.2990385539938166,0.045,7378.6234875,0.4663129748694789,6901.231934515818,6668.393279291802,232.83865522401535,0.0337387088904368,5255.457392100601,6699.902960383966,201.32897413185128,0.029172903626803883
BTC-25SEP26-68000-C,call,63472.06,68000.0,0.2990385539938166,0.045,4078.079855,0.4015526123956816,4515.535670263649,4332.688794984136,182.84687527951337,0.040492842628533,4515.535670263649,4325.48095703125,190.05471323239908,0.04208907361400654
BTC-25SEP26-68000-P,put,63471.66,68000.0,0.2990385539938166,0.045,8584.542015,0.4660634397511174,8134.771223151329,7872.428115696533,262.34310745479524,0.0322495986989989,4515.359876420509,7944.75607329332,190.01514985800895,0.02335838890185765
BTC-25SEP26-70000-C,call,63471.66,70000.0,0.2990385539938166,0.045,3395.73381,0.3998486723065025,3877.439483626971,3601.9091771336143,275.5303064933569,0.0710598599041511,3877.439483626971,3685.374755859375,192.0647277675962,0.04953390725467574
BTC-25SEP26-70000-P,put,63471.31,70000.0,0.2990385539938166,0.045,9917.3921875,0.4688576037662705,9470.33246805468,9165.342221177836,304.99024687684323,0.0322048088497036,3877.3043170082383,9278.262770187066,192.06969786761329,0.020281199051406348
BTC-25SEP26-72000-C,call,63474.81,72000.0,0.2990385539938166,0.045,2824.629045,0.3995111472478272,3334.501037513186,2975.1798146227857,359.32122289040035,0.1077586178105903,3334.501037513186,3130.784423828125,203.71661368506102,0.0610935823360815
BTC-25SEP26-72000-P,put,63474.98,72000.0,0.2990385539938166,0.045,11282.677695,0.4684378894584918,10897.183130502388,10624.841130080937,272.3420004214531,0.0249919632587561,3334.558175140337,10693.458451455801,203.72467904658697,0.0186951688896867
BTC-25SEP26-74000-C,call,63479.12,74000.0,0.2990385539938166,0.045,2332.85766,0.3988819896701297,2877.097044537164,2494.508240822704,382.5888037144605,0.1329773719106535,2877.097044537164,2655.791748046875,221.30529649028904,0.07691964958585198
BTC-25SEP26-74000-P,put,63479.65,74000.0,0.2990385539938166,0.045,12791.149475000002,0.4736146758452755,12408.47224470057,12207.893108900787,200.5791357997823,0.0161646923041187,2877.2504850229016,12187.153644443293,221.31860025727656,0.017836087786858502
BTC-25SEP26-75000-C,call,63480.13,75000.0,0.2990385539938166,0.045,2126.584355,0.3995623978097601,2677.357053243746,2342.577846942716,334.7792063010302,0.1250409264223571,2677.357053243746,2446.070556640625,231.28649660312112,0.08638612333118083
BTC-25SEP26-75000-P,put,63480.09,75000.0,0.2990385539938166,0.045,13568.8692375,0.4761434943005705,13194.761513299423,12775.782962826428,418.9785504729971,0.0317534007758075,2677.346351463959,12963.481812226091,231.27970107333203,0.017528145608408142
BTC-25SEP26-76000-C,call,63480.28,76000.0,0.2990385539938166,0.045,1936.14854,0.4001867614600907,2495.576282826207,2124.793069312729,370.7832135134777,0.1485761890209866,2495.576282826207,2254.024169921875,241.5521129043318,0.09679211754279747
BTC-25SEP26-76000-P,put,63479.92,76000.0,0.2990385539938166,0.045,14394.07186,0.4813712905569476,13999.706108319731,13822.447361928263,177.25874639146969,0.012661604823699,2495.487544326461,13758.144345243272,241.5617630764591,0.017254773865067356
BTC-25SEP26-78000-C,call,63485.99,78000.0,0.2990385539938166,0.045,1571.2782525,0.3984137544781288,2183.689455811129,1810.8809100379729,372.8085457731561,0.1707241589599913,2183.689455811129,1921.7220458984375,261.96740991269144,0.11996550572498137
BTC-25SEP26-78000-P,put,63485.99,78000.0,0.2990385539938166,0.045,16030.212475,0.4880546819536733,15655.104824120011,15354.106073819155,300.9987503008542,0.0192268754302495,2183.6894558111235,15393.137414207325,261.967409912686,0.016733673319712913
BTC-25SEP26-80000-C,call,63482.54,80000.0,0.2990385539938166,0.045,1317.262705,0.4023084369137154,1930.742027377952,1468.9680643983795,461.77396297957193,0.2391691673106039,1930.742027377952,1650.6763916015625,280.0656357763894,0.1450559586962185
BTC-25SEP26-80000-P,put,63480.05,80000.0,0.2990385539938166,0.045,17758.5439875,0.4982762956367579,17380.936679722974,16967.444301476375,413.4923782465994,0.0237899939379555,1930.3145070984756,17100.904765397936,280.0319143250381,0.01611143976214643
BTC-25SEP26-82000-C,call,63479.56,82000.0,0.2990385539938166,0.045,1079.15252,0.4031148634781337,1731.680210349714,1220.5774766322097,511.1027337175044,0.2951484521580846,1731.680210349714,1437.1461181640625,294.5340921856514,0.17008572970073385
BTC-25SEP26-82000-P,put,63477.61,82000.0,0.2990385539938166,0.045,19535.234477499995,0.5100510117775745,19157.736808797563,18620.90977413536,536.8270346622048,0.0280214223642369,1731.4078318574466,18863.25536854168,294.4814402558841,0.015371410683575793
BTC-25SEP26-84000-C,call,63477.2,84000.0,0.2990385539938166,0.045,904.5501,0.4069127643530714,1579.7118447006242,990.2753021975768,589.4365425030475,0.3731291529403917,1579.7118447006242,1275.4591064453125,304.25273825531167,0.19260015000582054
BTC-25SEP26-84000-P,put,63472.3,84000.0,0.2990385539938166,0.045,21358.42895,0.5234581326655456,20984.073438603213,20442.59650962653,541.4769289766773,0.0258041857583548,1579.1676573474833,20679.918110357292,304.1553282459208,0.01449457986009444
BTC-25SEP26-85000-C,call,63472.3,85000.0,0.2990385539938166,0.045,825.1399,0.4083952333152289,1519.04880703675,956.3968818641812,562.651925172569,0.3703975294053582,1519.04880703675,1211.95361328125,307.0951937555001,0.20216282211139683
BTC-25SEP26-85000-P,put,63468.25,85000.0,0.2990385539938166,0.045,22277.35575,0.5299312650547419,21914.24144844034,21274.622734317443,639.6187141228984,0.029187353604175,1518.6522650268162,21607.2285877104,307.01286072994117,0.014009741630906033
BTC-25SEP26-86000-C,call,63468.04,86000.0,0.2990385539938166,0.045,761.61648,0.4111404540614231,1468.0401569171208,824.4987157780191,643.5414411391017,0.4383677368135055,1468.0401569171208,1159.4779052734375,308.56225164368334,0.2101865198917058
BTC-25SEP26-86000-P,put,63468.61,86000.0,0.2990385539938166,0.045,23642.057225,0.5805290725290527,22849.951518471356,22300.48150911692,549.4700093544307,0.0240468785638451,1468.0889329000202,22541.393469360395,308.5580491109613,0.013503663185522749
BTC-25SEP26-88000-C,call,63470.09,88000.0,0.2990385539938166,0.045,634.7008999999999,0.4138675244961311,1392.8087277249397,676.3844673617727,716.4242603631669,0.5143737586519854,1392.8087277249397,1085.1773681640625,307.6313595608772,0.22087121758877296
BTC-25SEP26-88000-P,put,63470.17,88000.0,0.2990385539938166,0.045,25499.1407975,0.595485576114735,24746.383167821597,24065.82420183242,680.5589659891739,0.0275013508589862,1392.8137779346434,24438.746758051013,307.6364097705846,0.012431570613139648
BTC-25SEP26-90000-C,call,63467.46,90000.0,0.2990385539938166,0.045,539.4734100000001,0.4184854651872962,1347.794848661295,590.3018822832142,757.4929663780807,0.5620239364547691,1347.794848661295,1046.40087890625,301.39396975504496,0.22362006358342018
BTC-25SEP26-90000-P,put,63467.46,90000.0,0.2990385539938166,0.045,27068.87169,0.5780820954868829,26677.341042863867,25804.574062715463,872.7669801484044,0.0327156660308118,1347.7948486613022,26375.947073108815,301.39396975505224,0.011297751498951373
BTC-25SEP26-92000-C,call,63466.98,92000.0,0.2990385539938166,0.045,476.00235,0.4262365868337665,1329.2436494344477,438.09237773031066,891.151271704137,0.6704198075975721,1329.2436494344477,1038.77880859375,290.46484084069766,0.2185188855062663
BTC-25SEP26-92000-P,put,63460.37,92000.0,0.2990385539938166,0.045,29334.5560325,0.6323125914503562,28638.976696928563,27652.10485716294,986.871839765623,0.0344590468510511,1329.073698410386,28348.613691877552,290.363005051011,0.0101387353369421
BTC-25SEP26-94000-C,call,63460.37,94000.0,0.2990385539938166,0.045,412.492405,0.431876026273615,1333.3186566839513,346.2897823272998,987.0288743566516,0.7402798043878388,1333.3186566839513,1057.900146484375,275.4185101995763,0.20656615642397125
BTC-25SEP26-94000-P,put,63460.35,94000.0,0.2990385539938166,0.045,31270.0874625,0.6513300978204388,30616.508253990112,29659.824911579715,956.683342410397,0.0312473040515884,1333.3184511563159,30341.082380958796,275.42587303131586,0.008995992317165065
BTC-25SEP26-95000-C,call,63458.73,95000.0,0.2990385539938166,0.045,380.75238,0.4337714398795151,1342.9376001736202,360.13145688700376,982.8061432866164,0.7318330674184381,1342.9376001736202,1076.2490234375,266.68857673612024,0.19858597800943373
BTC-25SEP26-95000-P,put,63458.73,95000.0,0.2990385539938166,0.045,31840.417777500003,0.6155096574269558,31614.38080516521,30560.81897456973,1053.5618305954777,0.0333253982448185,1342.9376001736237,31347.692228429085,266.68857673612365,0.008435672941997069
BTC-25SEP26-96000-C,call,63458.73,96000.0,0.2990385539938166,0.045,349.023015,0.4349845374983805,1357.101390261775,311.0810759791822,1046.0203142825926,0.7707753612136696,1357.101390261775,1099.7928466796875,257.3085435820874,0.18960156214448684
BTC-25SEP26-96000-P,put,63455.84,96000.0,0.2990385539938166,0.045,33203.26828,0.6687456191219812,32618.07757848795,31517.97560832696,1100.1019701609948,0.033726756811889,1357.1109713385522,32360.8162165244,257.2613619635522,0.00788707922300177
BTC-25SEP26-98000-C,call,63454.95,98000.0,0.2990385539938166,0.045,320.4474975,0.4447320558369289,1397.812764226854,257.00934832873446,1140.8034158981195,0.8161346391260855,1397.812764226854,1160.8675537109375,236.94521051591641,0.1695114085232821
BTC-25SEP26-98000-P,put,63454.04,98000.0,0.2990385539938166,0.045,35185.26518,0.6909346404263355,34633.860097605044,33639.46287505167,994.3972225533726,0.0287117063980441,1397.8266861400334,34396.9463753322,236.91372227284592,0.006840523164474775
BTC-25SEP26-100000-C,call,63455.97,100000.0,0.2990385539938166,0.045,272.860671,0.4476510598295887,1453.0575424528524,215.2828229319792,1237.7747195208733,0.8518415020450132,1453.0575424528524,1237.6103515625,215.44719089035243,0.1482716166399467
BTC-25SEP26-100000-P,put,63456.15,100000.0,0.2990385539938166,0.045,36741.11085,0.6627694511020268,36660.24310391221,35227.469115471635,1432.7739884405746,0.0390825010183218,1453.052888131584,36444.79287691344,215.45022699877154,0.005876944852440973
BTC-25SEP26-102000-C,call,63441.44,102000.0,0.2990385539938166,0.045,241.077472,0.4534873643002858,1521.4767581438316,159.51723924903504,1361.9595188947965,0.8951563088984398,1521.4767581438316,1327.9007568359375,193.5760013078941,0.12722902290275706
BTC-25SEP26-102000-P,put,63438.52,102000.0,0.2990385539938166,0.045,39078.12832,0.7240888590979018,38719.66699856133,37255.07188960006,1464.5951089612718,0.0378256122144772,1521.579978465088,38526.11656111187,193.55043744946306,0.0049987629660310515
BTC-25SEP26-105000-C,call,63414.96,105000.0,0.2990385539938166,0.045,206.09862,0.4638296829700081,1644.9996981524573,117.40679713009592,1527.5929010223615,0.9286280737546893,1644.9996981524573,1482.291259765625,162.7084383868323,0.09891092294398258
BTC-25SEP26-105000-P,put,63415.04,105000.0,0.2990385539938166,0.045,41647.82752,0.7023206635258107,41826.46310996092,40468.15918111573,1358.303928845191,0.0324747499035296,1644.9958833912679,41663.762392585275,162.70071737564285,0.0038898990083839026
BTC-25SEP26-110000-C,call,63415.95,110000.0,0.2990385539938166,0.045,155.36907749999995,0.4770681407623779,1892.738723259759,74.30762449600687,1818.431098763752,0.9607406856620808,1892.738723259759,1768.67578125,124.0629420097589,0.06554678703677187
BTC-25SEP26-110000-P,put,63417.47,110000.0,0.2990385539938166,0.045,46595.9860825,0.7485764581440795,47004.84549670982,45182.491838533926,1822.3536581758965,0.0387694851226232,1892.641259351134,46880.76637114775,124.07912556207157,0.0026397092523313724
BTC-25SEP26-115000-C,call,63417.0,115000.0,0.2990385539938166,0.045,126.834,0.4940263788996131,2182.7895310954327,55.39298964937028,2127.3965414460627,0.9746228443648568,2182.7895310954327,2071.421142578125,111.36838851730772,0.05102113004061253
BTC-25SEP26-120000-C,call,63413.66,120000.0,0.2990385539938166,0.045,104.632539,0.5098345294829812,2506.2071977476144,26.92110003408633,2479.286097713528,0.9892582305013404,2506.2071977476144,2372.205322265625,134.00187548198937,0.05346799562399307
BTC-25SEP26-120000-P,put,63413.64,120000.0,0.2990385539938166,0.045,56644.23393,0.8528874944807493,57488.57722051935,55058.7838014365,2429.793419082845,0.0422656732269168,2506.208961582597,57354.58871792113,133.9885025982221,0.002330697837315718
BTC-25SEP26-125000-C,call,63412.0,125000.0,0.2990385539938166,0.045,95.118,0.5305421108155935,2856.514116754597,16.326371354335915,2840.187745400261,0.9942845122806936,2856.514116754597,2658.4345703125,198.07954644209713,0.06934310083758431
BTC-25SEP26-125000-P,put,63408.46,125000.0,0.2990385539938166,0.045,61950.06542,0.9376821419787442,62777.5754588558,60039.33439897513,2738.2410598806678,0.0436181397555772,2856.8601891300204,62579.34295527265,198.23250358314544,0.0031576960743421247
BTC-25SEP26-130000-C,call,63409.37,130000.0,0.2990385539938166,0.045,82.432181,0.546382031498328,3230.0000938529734,9.243162786330496,3220.7569310666427,0.9971383397777848,3230.0000938529734,2922.653564453125,307.34652939984835,0.09515372150755066
BTC-25SEP26-135000-C,call,63405.25,135000.0,0.2990385539938166,0.045,72.9160375,0.5622360683603361,3624.088833763917,7.209175761716535,3616.879658002201,0.9980107618514888,3624.088833763917,3160.727294921875,463.36153884204214,0.12785601018526985
BTC-25SEP26-140000-C,call,63399.38,140000.0,0.2990385539938166,0.045,66.56934899999999,0.5789886442135284,4036.9773529459057,1.4329829004948915,4035.5443700454102,0.9996450356850654,4036.9773529459057,3370.77783203125,666.1995209146557,0.1650243394178344
BTC-25SEP26-145000-C,call,63404.18,145000.0,0.2990385539938166,0.045,57.063762,0.5902347935401775,4465.714896564531,2.010809898316104,4463.704086666215,0.9995497227331142,4465.714896564531,3552.2333984375,913.481498127031,0.20455437019272574
BTC-25SEP26-150000-C,call,63401.07,150000.0,0.2990385539938166,0.045,50.72085599999366,0.6029976424279617,4911.543705370976,0.3298327222004695,4911.213872648776,0.999932845406254,4911.543705370976,3706.46875,1205.0749553709757,0.2453556412525
BTC-25SEP26-155000-C,call,63404.85,155000.0,0.2990385539938166,0.045,47.5536375,0.618295960488086,5371.635974645431,2.5252063793788464,5369.110768266052,0.999529899942718,5371.635974645431,3834.58544921875,1537.050525426681,0.2861419747506509
BTC-25SEP26-160000-C,call,63418.57,160000.0,0.2990385539938166,0.045,44.392999,0.6323513982684604,5844.652365290249,0.646550092179603,5844.005815198069,0.9998893774938576,5844.652365290249,3938.503173828125,1906.1491914621238,0.32613559752196886
BTC-25SEP26-165000-C,call,63417.35,165000.0,0.2990385539938166,0.045,38.05040999999999,0.6401156389495828,6333.679740798336,0.0,6333.679740798336,1.0,6333.679740798336,4020.327392578125,2313.352348220211,0.3652461827709372
BTC-25SEP26-170000-C,call,63417.35,170000.0,0.2990385539938166,0.045,38.05040999999999,0.6573428547603428,6835.79496669089,0.0,6835.79496669089,1.0,6835.79496669089,4081.92822265625,2753.86674403464,0.40285976356130343
BTC-25SEP26-175000-C,call,63418.83,175000.0,0.2990385539938166,0.045,31.709415,0.6618520164173235,7350.412194279685,0.0,7350.412194279685,1.0,7350.412194279685,4125.30517578125,3225.1070184984346,0.4387654642019003
BTC-25SEP26-180000-C,call,63418.55,180000.0,0.2990385539938166,0.045,25.36741999999366,0.6633885435668985,7877.606610781326,0.0,7877.606610781326,1.0,7877.606610781326,4152.30615234375,3725.300458437576,0.47289749825018096
BTC-25DEC26-30000-P,put,64091.08,30000.0,0.5483536224869673,0.045,480.6831,0.6610452906200299,2036.3404083414207,16.521434156062604,2019.818974185358,0.9918867031816556,36858.63895318347,542.5803614079523,1493.7600469334684,0.7335512475294449
BTC-25DEC26-35000-P,put,64098.27,35000.0,0.5483536224869673,0.045,801.228375,0.6158848380067501,1588.1626016535956,91.05270268220568,1497.10989897139,0.9426678964815056,31539.520903969315,529.2530258092811,1058.9095758443145,0.6667513608126633
BTC-25DEC26-40000-C,call,64102.39,40000.0,0.5483536224869673,0.045,25384.54644,0.405998119377809,26495.07793829572,25416.56259074182,1078.5153475538973,0.0407062530657825,26495.07793829572,25883.173828125,611.9041101707189,0.023095010763726755
BTC-25DEC26-40000-P,put,64102.39,40000.0,0.5483536224869673,0.045,1266.0222025,0.5754814013321772,1417.729878506325,305.8815321382718,1111.8483463680532,0.784245548622747,26495.07793829572,805.825768335606,611.9041101707189,0.4316083898968128
BTC-25DEC26-45000-C,call,64107.59,45000.0,0.5483536224869673,0.045,21091.39711,0.4201108213405308,21829.71129953513,21134.651981626565,695.0593179085699,0.0318400600159733,21829.71129953513,21613.267578125,216.44372141013082,0.00991509775096018
BTC-25DEC26-45000-P,put,64111.62,45000.0,0.5483536224869673,0.045,1971.432315,0.5442623263134887,1625.150330839322,793.4888958042603,831.6614350350618,0.5117443102051633,21833.598148102392,1408.5111671119303,216.63916372739163,0.1333040763161317
BTC-25DEC26-50000-C,call,64121.47,50000.0,0.5483536224869673,0.045,17120.432490000003,0.4180948545560226,17656.505247179557,17188.285118164153,468.2201290154044,0.0265182788134247,17656.505247179557,17720.20703125,63.701784070442955,0.003607836498710222
BTC-25DEC26-50000-P,put,64124.5,50000.0,0.5483536224869673,0.045,2997.820375,0.5204151370741131,2315.9919148241024,1706.2591378993295,609.7327769247727,0.2632706845917816,17659.18948956085,2379.570003388253,63.578088564150676,0.027451774834446854
BTC-25DEC26-52000-P,put,64125.52,52000.0,0.5483536224869673,0.045,1923.7656,0.38953576270943,2746.969120672169,2199.027720435545,547.9414002366243,0.1994712631143614,16139.93459839838,2882.3626472737888,135.39352660161967,0.04928833221412026
BTC-25DEC26-54000-C,call,64125.57,54000.0,0.5483536224869673,0.045,14267.939325,0.4164885426069866,14713.24403533758,14163.405683312423,549.8383520251555,0.0373703005744062,14713.24403533758,14896.875,183.6309646624195,0.012480657849579824
BTC-25DEC26-54000-P,put,64125.16,54000.0,0.5483536224869673,0.045,4136.07282,0.5079066389679567,3271.558462821908,2769.200593390772,502.3578694311354,0.1535530772688142,14712.911843537593,3455.1847052218145,183.62624239990646,0.056128063883510194
BTC-25DEC26-55000-C,call,64124.82,55000.0,0.5483536224869673,0.045,13594.46184,0.4154824693845578,14034.876954858708,13384.046184656749,650.8307702019592,0.0463723887494894,14034.876954858708,14234.1337890625,199.2568342037921,0.014197262636834998
BTC-25DEC26-55000-P,put,64125.34,55000.0,0.5483536224869673,0.045,4456.711130000001,0.5047253344542383,3569.380401761271,3099.502967393792,469.8774343674795,0.1316411761928271,14035.287733971687,3768.664933414584,199.28453165331302,0.055831687638274216
BTC-25DEC26-56000-C,call,64126.43,56000.0,0.5483536224869673,0.045,12953.53886,0.4152056947203796,13382.222369959263,13072.06764249509,310.1547274641744,0.0231766233507236,13382.222369959263,13591.740234375,209.51786441573677,0.015656432737664525
BTC-25DEC26-56000-P,put,64126.54,56000.0,0.5483536224869673,0.045,4825.522135,0.5036736278743659,3890.8257109140177,3403.505024046447,487.32068686757066,0.125248654932192,13382.306994619168,4100.34586473235,209.5201538183319,0.053849791634360364
BTC-25DEC26-58000-C,call,64126.54,58000.0,0.5483536224869673,0.045,11703.09355,0.4128802705374835,12146.0075706211,11846.652054105312,299.3555165157868,0.0246464128048027,12146.0075706211,12361.3154296875,215.30785906640085,0.017726636330047243
BTC-25DEC26-58000-P,put,64123.19,58000.0,0.5483536224869673,0.045,5594.7483275,0.5002786057324308,4606.693045618958,4119.354207496184,487.3388381227742,0.1057893011964931,12143.572232313585,4822.088586742873,215.39554112391488,0.04675708561236994
BTC-25DEC26-60000-C,call,64123.34,60000.0,0.5483536224869673,0.045,10548.28943,0.4115914887165611,11002.168864973202,10590.540157769765,411.62870720343744,0.0374134147780543,11002.168864973202,11206.26953125,204.1006662767977,0.01855094834315605
BTC-25DEC26-60000-P,put,64123.34,60000.0,0.5483536224869673,0.045,6428.364835,0.4968363011115771,5416.391775289114,5038.462398362564,377.9293769265496,0.0697751183086043,11002.168864973202,5620.492441565912,204.1006662767977,0.03768203533724318
BTC-25DEC26-62000-C,call,64123.34,62000.0,0.5483536224869673,0.045,9474.223485,0.4101054558706747,9953.5134698458,9642.063188599328,311.4502812464707,0.0312904867401858,9953.5134698458,10132.7529296875,179.2394598416995,0.018007657334739736
BTC-25DEC26-62000-P,put,64123.36,62000.0,0.5483536224869673,0.045,7342.124720000001,0.494199463522054,6318.981280017688,5970.082112520528,348.8991674971603,0.0552144644897861,9953.526272691248,6498.23821045144,179.25693043375213,0.028368010995793037
BTC-25DEC26-64000-C,call,64124.49,64000.0,0.5483536224869673,0.045,8496.494925,0.4094361723052157,8995.741100220159,8743.184739918965,252.55636030119425,0.0280751032613658,8995.741100220159,9140.3974609375,144.65636071734116,0.016080538457670917
BTC-25DEC26-64000-P,put,64124.49,64000.0,0.5483536224869673,0.045,8352.2148225,0.4932561739688456,7311.318204557123,6836.852159133155,474.4660454239684,0.0648947333639828,8995.741100220155,7455.974565274468,144.6563607173448,0.0197852639797815
BTC-25DEC26-65000-C,call,64128.61,65000.0,0.5483536224869673,0.045,8032.1084025,0.4087000653653335,8551.65174111856,7947.005697557795,604.6460435607642,0.0707051762472352,8551.65174111856,8676.5068359375,124.85509481894042,0.014600114527419859
BTC-25DEC26-65000-P,put,64128.94,65000.0,0.5483536224869673,0.045,8897.890425000001,0.493734689147943,7838.594684365365,7434.511910622244,404.0827737431218,0.0515504105026751,8551.841531523132,7963.445535654733,124.85085128936862,0.015927708513669234
BTC-25DEC26-66000-C,call,64136.26,66000.0,0.5483536224869673,0.045,7584.112744999999,0.4077085383218954,8130.582277228859,7810.277984899709,320.3042923291505,0.0393950004326528,8130.582277228859,8234.5546875,103.97241027114069,0.012787818476707862
BTC-25DEC26-66000-P,put,64143.6,66000.0,0.5483536224869673,0.045,9445.1451,0.4936660304574263,8382.367287660025,8064.558385649406,317.808902010619,0.0379139795602224,8134.648086312525,8486.2192013475,103.85191368747473,0.012389329902109964
BTC-25DEC26-68000-C,call,64141.46,68000.0,0.5483536224869673,0.045,6766.92403,0.4072153187006743,7343.992114708046,6810.321181599456,533.6709331085895,0.0726676887410853,7343.992114708046,7405.07080078125,61.07868607320415,0.00831682348226926
BTC-25DEC26-68000-P,put,64138.93,68000.0,0.5483536224869673,0.045,10631.0276475,0.4951159772314157,9546.338774251992,8995.349812655479,550.988961596513,0.0577173065639173,7342.697475893961,9607.47039992053,61.13162566853862,0.006403672351689469
BTC-25DEC26-70000-C,call,64139.31,70000.0,0.5483536224869673,0.045,6029.095139999999,0.4072519013942888,6632.144620548661,6116.94949613301,515.1951244156508,0.0776815274533368,6632.144620548661,6651.482421875,19.337801326339104,0.0029157689454515144
BTC-25DEC26-70000-P,put,64139.31,70000.0,0.5483536224869673,0.045,11865.77235,0.4960673093145854,10786.658015917215,10340.5694416587,446.088574258516,0.0413555870224355,6632.144620548657,10805.995817243558,19.337801326342742,0.0017927518697456732
BTC-25DEC26-72000-C,call,64143.73,72000.0,0.5483536224869673,0.045,5356.0014550000005,0.4068912591832171,5997.37208231254,5503.050036180364,494.3220461321762,0.0824231078792045,5997.37208231254,5978.72216796875,18.649914343790442,0.0031096810549395126
BTC-25DEC26-72000-P,put,64143.89,72000.0,0.5483536224869673,0.045,13197.605367499998,0.4992618528098546,12098.626537364908,11711.13775679132,387.4887805735889,0.03202750158267,5997.4410449858115,12079.949164254096,18.67737311081146,0.0015437597857185703
BTC-25DEC26-74000-C,call,64143.89,74000.0,0.5483536224869673,0.045,4730.611887499999,0.4057035109776662,5429.955761265868,4977.040788876844,452.9149723890241,0.0834104350572899,5429.955761265868,5379.5244140625,50.431347203368205,0.009287616588539445
BTC-25DEC26-74000-P,put,64143.89,74000.0,0.5483536224869673,0.045,14496.51914,0.4977724781580114,13482.39335065549,13123.116669461971,359.2766811935162,0.0266478415107247,5429.955761265868,13431.962003452121,50.431347203368205,0.0037405337384639
BTC-25DEC26-76000-C,call,64154.06,76000.0,0.5483536224869673,0.045,4202.09093,0.4062901704037274,4930.73011291484,4347.754976375205,582.9751365396351,0.1182330249657498,4930.73011291484,4856.09228515625,74.63782775858999,0.015137277046069604
BTC-25DEC26-76000-P,put,64159.23,76000.0,0.5483536224869673,0.045,16023.7676925,0.5063289190653188,14920.924285187595,14381.30760119041,539.6166839971866,0.0361650976630769,4932.574598787454,14846.085037962643,74.83924722495249,0.0050157246156156314
BTC-25DEC26-78000-C,call,64159.23,78000.0,0.5483536224869673,0.045,3721.23534,0.4065801573678572,4489.129566716754,3862.466249897661,626.6633168190938,0.1395957295296827,4489.129566716754,4399.40673828125,89.7228284355042,0.019986687196717604
BTC-25DEC26-78000-P,put,64159.23,78000.0,0.5483536224869673,0.045,17579.629020000004,0.5136767407786264,16428.73135012744,15822.053638075617,606.6777120518236,0.0369278490908622,4489.129566716758,16339.008521691932,89.72282843550784,0.005461336394353532
BTC-25DEC26-80000-C,call,64175.63,80000.0,0.5483536224869673,0.045,3321.0888525,0.4084609825323817,4105.82036435452,3486.799788222081,619.0205761324391,0.1507665998996417,4105.82036435452,4010.10400390625,95.71636044827028,0.023312359517540154
BTC-25DEC26-80000-P,put,64175.63,80000.0,0.5483536224869673,0.045,19140.3816475,0.5197313675530388,17980.27424477574,17421.962071148333,558.3121736274079,0.0310513714099565,4105.820364354528,17884.557884327463,95.71636044827756,0.005323409373251825
BTC-25DEC26-82000-C,call,64174.97,82000.0,0.5483536224869673,0.045,2919.961135,0.4078808935338165,3768.0537380103615,3248.408044305022,519.6456937053395,0.1379082491482,3768.0537380103615,3676.74169921875,91.31203879161149,0.02423321033628008
BTC-25DEC26-82000-P,put,64175.79,82000.0,0.5483536224869673,0.045,20760.868065,0.5266103743855077,19593.812103728567,18956.761542238142,637.0505614904214,0.0325128442652155,3768.266126296832,19502.461993056735,91.35011067183223,0.0046621918281256215
BTC-25DEC26-84000-C,call,64172.21,84000.0,0.5483536224869673,0.045,2598.974505,0.4097295855547869,3476.6317450685347,2654.4144050476243,822.2173400209103,0.2364982547223166,3476.6317450685347,3399.243896484375,77.38784858415966,0.02225943219149721
BTC-25DEC26-84000-P,put,64172.21,84000.0,0.5483536224869673,0.045,22444.2304475,0.5351658420718999,21257.009819510808,20617.897679819464,639.112139691344,0.0300659474271274,3476.631745068531,21179.62197092665,77.38784858415602,0.0036405801776092403
BTC-25DEC26-85000-C,call,64170.76,85000.0,0.5483536224869673,0.045,2454.53157,0.4108106150032568,3347.2546830135634,2595.832571321694,751.4221116918693,0.2244890762286893,3347.2546830135634,3280.19580078125,67.05888223231341,0.02003399459641347
BTC-25DEC26-85000-P,put,64170.27,85000.0,0.5483536224869673,0.045,23277.7654425,0.5383627734729637,22105.09286079265,21452.626719762346,652.4661410303088,0.0295165528206205,3347.148737845113,22038.06424013504,67.02862065760928,0.0030322704853457806
BTC-25DEC26-86000-C,call,64170.27,86000.0,0.5483536224869673,0.045,2294.0871525,0.4101992171309324,3228.332996744388,2418.79084435864,809.5421523857481,0.2507616634350083,3228.332996744388,3173.6162109375,54.716785806887856,0.016948928707808952
BTC-25DEC26-86000-P,put,64170.89,86000.0,0.5483536224869673,0.045,24705.79265,0.5758385934204857,22961.408970539826,22311.11700980448,650.2919607353433,0.0283210826291055,3228.4587990870205,22906.664771062176,54.74419947764909,0.002384182937026536
BTC-25DEC26-88000-C,call,64170.48,88000.0,0.5483536224869673,0.045,2053.45536,0.4128195585308597,3019.582709303093,2157.598061956793,861.9846473462999,0.2854648242257429,3019.582709303093,2995.23486328125,24.347846021842997,0.008063314823875905
BTC-25DEC26-88000-P,put,64167.99,88000.0,0.5483536224869673,0.045,26437.21188,0.5848618589457028,24706.24271598763,23797.39588581559,908.8468301720422,0.0367861208448308,3019.1404475243035,24682.041965728953,24.200750258678454,0.0009795398894473716
BTC-25DEC26-90000-C,call,64167.99,90000.0,0.5483536224869673,0.045,1828.787715,0.4146048415834576,2845.9936411572653,1792.7144829388556,1053.2791582184095,0.3700918874119884,2845.9936411572653,2858.8564453125,12.862804155234699,0.0045196180234627304
BTC-25DEC26-90000-P,put,64167.99,90000.0,0.5483536224869673,0.045,27656.40369,0.5618026887890931,26484.34800663114,25617.57495222316,866.7730544079823,0.0327277475054685,2845.9936411572708,26497.210810786368,12.862804155229242,0.00048567569615112516
BTC-25DEC26-92000-C,call,64167.41,92000.0,0.5483536224869673,0.045,1620.2271025000002,0.4155910117115333,2705.1331957492766,1699.593582276406,1005.5396134728708,0.3717153798759078,2705.1331957492766,2760.5234375,55.39024175072336,0.020475975762583917
BTC-25DEC26-92000-P,put,64167.5,92000.0,0.5483536224869673,0.045,30030.39,0.6073031776521166,28295.24155598956,27239.252932647745,1055.988623341815,0.0373203607840655,2705.145093505169,28350.612331625016,55.370775635456084,0.0019568935478387938
BTC-25DEC26-94000-C,call,64167.5,94000.0,0.5483536224869673,0.045,1459.810625,0.4186828536467721,2593.7682230888386,1479.4386801118403,1114.329542976998,0.4296180102206577,2593.7682230888386,2695.741943359375,101.97372027053643,0.039314893043565426
BTC-25DEC26-94000-P,put,64166.58,94000.0,0.5483536224869673,0.045,31842.665324999994,0.6179374946534542,30135.933828084453,28936.37791892929,1199.5559091551622,0.0398048361798984,2593.6652685895388,30237.946293869914,102.01246578546125,0.003385077308949796
BTC-25DEC26-95000-C,call,64162.47,95000.0,0.5483536224869673,0.045,1363.4524874999936,0.4182252613071304,2547.7295966290185,1371.9961750839234,1175.733421545095,0.4614828132077851,2547.7295966290185,2674.379150390625,126.64955376160651,0.04971075185105222
BTC-25DEC26-95000-P,put,64162.47,95000.0,0.5483536224869673,0.045,32257.681792500003,0.5918535264420993,31069.734204629203,29987.957348813645,1081.7768558155583,0.0348177055101546,2547.729596629011,31196.383758390817,126.64955376161379,0.004076299878443883
BTC-25DEC26-96000-C,call,64161.93,96000.0,0.5483536224869673,0.045,1315.319565,0.4216386889013725,2508.5496401594182,1277.630571239787,1230.9190689196312,0.4906895399691617,2508.5496401594182,2660.130859375,151.58121921558177,0.060425840010863326
BTC-25DEC26-96000-P,put,64161.93,96000.0,0.5483536224869673,0.045,33701.0537325,0.6303722399054963,32006.72029666487,30803.18037878693,1203.5399178779371,0.0376027255127213,2508.5496401594137,32158.301515880456,151.58121921558632,0.004735918513693552
BTC-25DEC26-98000-C,call,64155.2,98000.0,0.5483536224869673,0.045,1170.8323999999998,0.4230039574148879,2447.63112836469,1100.3474412258222,1347.283687138868,0.5504439257720236,2447.63112836469,2650.24072265625,202.60959429155992,0.0827778303452642
BTC-25DEC26-98000-P,put,64154.48,98000.0,0.5483536224869673,0.045,35541.581920000004,0.6407688279760849,33904.44948367365,32718.081523972945,1186.367959700703,0.0349915122577638,2447.5767301576707,34107.10590781285,202.65642413920432,0.005977281071524005
BTC-25DEC26-100000-C,call,64154.48,100000.0,0.5483536224869673,0.045,1058.5489200000002,0.4259464198344134,2409.213708933459,1133.4760048196304,1275.7377041138288,0.5295245080929696,2409.213708933459,2662.667724609375,253.4540156759158,0.10520196474729425
BTC-25DEC26-100000-P,put,64151.16,100000.0,0.5483536224869673,0.045,36886.917,0.6181409632410122,35820.46122972251,34513.863932623666,1306.597297098844,0.0364762834492671,2409.0163791960076,36074.05959662025,253.59836689774238,0.0070797069102872335
BTC-25DEC26-102000-C,call,64152.75,102000.0,0.5483536224869673,0.045,962.29125,0.4292893647987443,2390.6425442793234,905.7222116874888,1484.9203325918345,0.6211385872577092,2390.6425442793234,2693.860107421875,303.2175631425516,0.1268351740280598
BTC-25DEC26-102000-P,put,64152.75,102000.0,0.5483536224869673,0.045,39341.6739375,0.6676566754051033,37751.74949181637,36151.82345387948,1599.9260379368934,0.0423801826266016,2390.642544279326,38054.96705495892,303.2175631425489,0.008031881097544335
BTC-25DEC26-104000-C,call,64153.46,104000.0,0.5483536224869673,0.045,866.0717099999999,0.4313459693722943,2390.210615020941,858.3659653959884,1531.844649624953,0.6408827071548806,2390.210615020941,2740.849365234375,350.6387502134339,0.1466978466290352
BTC-25DEC26-104000-P,put,64153.46,104000.0,0.5483536224869673,0.045,41250.67478,0.6808783151897524,39701.85965956852,37840.25858798879,1861.601071579731,0.0468895182125572,2390.210615020944,40052.49840978195,350.6387502134239,0.008831796626657932
BTC-25DEC26-105000-C,call,64153.46,105000.0,0.5483536224869673,0.045,833.9949799999999,0.4338451881544322,2396.2056034649395,742.2111624193168,1653.9944410456228,0.6902556436116871,2396.2056034649395,2769.417724609375,373.2121211444355,0.15575129304629232
BTC-25DEC26-105000-P,put,64153.86,105000.0,0.5483536224869673,0.045,41651.893605,0.6500461502742783,40683.0904190208,38983.4394567525,1699.6509622682934,0.0417778232863461,2396.2153259679762,41056.28158719346,373.19116817265603,0.009173127319702728
BTC-25DEC26-106000-C,call,64154.01,106000.0,0.5483536224869673,0.045,801.9251250000001,0.4361133487893497,2406.100936989368,730.4252318561535,1675.6757051332145,0.6964278511232793,2406.100936989368,2800.935791015625,394.83485402625683,0.16409737761055596
BTC-25DEC26-106000-P,put,64154.01,106000.0,0.5483536224869673,0.045,43159.6102275,0.693558620131929,41668.45207854748,40146.20442276761,1522.2476557798727,0.0365323783305016,2406.1009369893727,42063.286932573734,394.8348540262523,0.009475630466952921
BTC-25DEC26-108000-C,call,64150.53,108000.0,0.5483536224869673,0.045,721.6934625,0.4378579653958973,2436.792141546129,629.5484925130788,1807.2436490330504,0.7416486692567736,2436.792141546129,2871.783203125,434.9910615788708,0.1785097112562386
BTC-25DEC26-108000-P,put,64150.53,108000.0,0.5483536224869673,0.045,45081.7849575,0.7064213214961634,43653.87538011477,41832.18961645625,1821.6857636585191,0.0417302186299898,2436.7921415461315,44088.86644169364,434.99106157886854,0.009964546281199489
BTC-25DEC26-110000-C,call,64139.84,110000.0,0.5483536224869673,0.045,673.4683199999936,0.4430044223236745,2481.0807162465644,583.4445344877832,1897.6361817587813,0.7648425822395527,2481.0807162465644,2951.362060546875,470.2813443003106,0.18954697492138142
BTC-25DEC26-110000-P,put,64143.68,110000.0,0.5483536224869673,0.045,46488.13208,0.6830523148790335,45656.247788929664,43628.367051019326,2027.8807379103384,0.044416281147003,2481.0624533505033,46126.44119495416,470.19340602449665,0.010298555593053031
BTC-25DEC26-115000-C,call,64134.64,115000.0,0.5483536224869673,0.045,545.14444,0.450975393323872,2643.41839059473,391.7870352958091,2251.6313552989213,0.851787731866516,2643.41839059473,3175.16845703125,531.7500664365198,0.2011600086949852
BTC-25DEC26-115000-P,put,64134.64,115000.0,0.5483536224869673,0.045,51868.8901,0.7518695922737855,50705.77396870022,48558.32485703162,2147.4491116685967,0.0423511750948556,2643.4183905947284,51237.52403513674,531.7500664365216,0.010486972682139939
BTC-25DEC26-120000-C,call,64130.55,120000.0,0.5483536224869673,0.045,464.9464874999936,0.462303859186526,2867.1486552821857,281.24628265562416,2585.9023726265614,0.9019073244990348,2867.1486552821857,3416.771240234375,549.6225849521893,0.1916965776921306
BTC-25DEC26-120000-P,put,64130.55,120000.0,0.5483536224869673,0.045,56771.5693875,0.7857500130959257,55811.724475914,53107.64400187522,2704.080474038783,0.0484500434170556,2867.148655282188,56361.34706086619,549.622584952187,0.009847797933378337
BTC-25DEC26-125000-C,call,64132.73,125000.0,0.5483536224869673,0.045,384.79638,0.4697580397576509,3139.9182206139694,202.2537461153972,2937.6644744985724,0.9355863013286222,3139.9182206139694,3659.074462890625,519.1562422766556,0.16534068908811944
BTC-25DEC26-125000-P,put,64133.16,125000.0,0.5483536224869673,0.045,61712.13321000001,0.8207667834047921,60959.98600071453,57816.00168139258,3143.984319321949,0.0515745577645818,3139.8899375563924,61479.170526048765,519.1845253342326,0.008516808473810132
BTC-25DEC26-130000-C,call,64134.14,130000.0,0.5483536224869673,0.045,323.877407,0.4776262335140336,3453.0104405673565,142.5245173650853,3310.485923202272,0.9587245622860998,3453.0104405673565,3891.0595703125,438.04912974514355,0.1268600652343144
BTC-25DEC26-130000-P,put,64134.14,130000.0,0.5483536224869673,0.045,66619.33792499999,0.8517102724767415,66150.25674625183,62745.19527651662,3405.061469735214,0.0514746523629804,3453.010440567363,66588.30587599697,438.0491297451372,0.006622032192943192
BTC-25DEC26-135000-C,call,64134.8,135000.0,0.5483536224869673,0.045,282.19312,0.487254561446472,3799.6944773686255,97.9364722664026,3701.758005102224,0.974225171826387,3799.6944773686255,4105.5439453125,305.8494679438745,0.08049317379740548
BTC-25DEC26-135000-P,put,64135.26,135000.0,0.5483536224869673,0.045,71590.983975,0.885752359004344,71373.90823490964,67620.09025332928,3753.81798158036,0.0525937008973306,3799.6516866988677,71679.79316930452,305.8849343948823,0.0042856688383679
BTC-25DEC26-140000-C,call,64134.8,140000.0,0.5483536224869673,0.045,246.91898000000003,0.4962662096823849,4174.871013135595,73.83734864354865,4101.033664492046,0.9823138610962516,4174.871013135595,4298.40087890625,123.5298657706553,0.029588905952300664
BTC-25DEC26-140000-P,put,64136.71,140000.0,0.5483536224869673,0.045,76563.1975625,0.918548026462176,76625.60859222815,72642.20335450523,3983.405237722924,0.0519852998352165,4174.671801491029,76749.31472042462,123.70612819647067,0.0016144227820073423
BTC-25DEC26-150000-C,call,64133.63,150000.0,0.5483536224869673,0.045,202.0209345,0.5166836918816754,4996.0214704672935,56.70400890087628,4939.3174615664175,0.9886501670907406,4996.0214704672935,4612.8232421875,383.1982282797935,0.07670067683755406
BTC-25DEC26-150000-P,put,64133.63,150000.0,0.5483536224869673,0.045,86516.26686999999,0.9809546480526772,87206.29874625706,82319.72850128968,4886.5702449673845,0.0560346020324262,4996.021470467298,86823.10051797726,383.19822827979806,0.004394157690315289
BTC-25DEC26-160000-C,call,64110.0,160000.0,0.5483536224869673,0.045,163.4805,0.533483564234324,5897.88768765135,14.663820490635654,5883.223867160714,0.9975137165596866,5897.88768765135,4833.04052734375,1064.8471603075996,0.18054720888244682
BTC-25DEC26-170000-C,call,64108.87,170000.0,0.5483536224869673,0.045,147.450401,0.5552773974217213,6861.281937265479,9.588323478574887,6851.693613786904,0.9986025463512148,6861.281937265479,4968.533203125,1892.7487341404794,0.27585934398941525
BTC-25DEC26-180000-C,call,64097.59,180000.0,0.5483536224869673,0.045,115.375662,0.564961717993055,7882.185371948468,12.562073520957624,7869.62329842751,0.9984062702247952,7882.185371948468,5032.40576171875,2849.779610229718,0.3615468903296365
BTC-25DEC26-190000-C,call,64097.3,190000.0,0.5483536224869673,0.045,96.14595,0.5772284889385612,8951.217840073605,4.917287664758996,8946.300552408846,0.9994506571337428,8951.217840073605,5038.20654296875,3913.0112971048547,0.43714848269994494
BTC-25DEC26-200000-C,call,64097.3,200000.0,0.5483536224869673,0.045,86.531355,0.5930532363239359,10065.681006506684,1.918169835404168,10063.76283667128,0.9998094346687358,10065.681006506684,4997.63525390625,5068.045752600434,0.5034975526568282
BTC-25DEC26-210000-C,call,64097.92,210000.0,0.5483536224869673,0.045,73.712608,0.6038046752434165,11222.08590209691,7.418610471224998,11214.667291625685,0.999338927670315,11222.08590209691,4920.775390625,6301.310511471909,0.5615097377123511
BTC-25DEC26-220000-C,call,64097.92,220000.0,0.5483536224869673,0.045,67.30281599999999,0.6178643909680196,12417.894303157933,0.0,12417.894303157933,1.0,12417.894303157933,4815.91455078125,7601.979752376683,0.612179453842143
BTC-25DEC26-230000-C,call,64096.8,230000.0,0.5483536224869673,0.045,57.68712,0.6267171028918381,13650.882126145649,0.0,13650.882126145649,1.0,13650.882126145649,4689.740234375,8961.141891770649,0.6564514885530583
BTC-25DEC26-240000-C,call,64099.94,240000.0,0.5483536224869673,0.045,51.279952,0.6369150925256929,14917.701102689314,0.0035437703367449,14917.697558918975,0.999999762445278,14917.701102689314,4547.88671875,10369.814383939314,0.6951348812096709
BTC-25DEC26-250000-C,call,64108.38,250000.0,0.5483536224869673,0.045,51.286703999993584,0.6536873500638163,16216.106625346663,0.0,16216.106625346663,1.0,16216.106625346663,4394.7041015625,11821.402523784163,0.7289914155662164
BTC-26MAR27-40000-C,call,64789.78,40000.0,0.797668690980118,0.045,26774.376585,0.3992330045669652,28145.62551051801,26801.38945416391,1344.2360563541006,0.0477600348889656,28145.62551051801,28098.869140625,46.75636989300983,0.0016612304414956773
BTC-26MAR27-40000-P,put,64789.3,40000.0,0.797668690980118,0.045,1943.679,0.5637195997688881,1945.5019448922976,631.2430932955338,1314.258851596764,0.6755371563864053,28145.142018914827,1898.797425977471,46.70451891482662,0.02400641080696127
BTC-26MAR27-50000-C,call,64790.48,50000.0,0.797668690980118,0.045,18999.80826,0.4124146584733641,19792.59807334184,18915.44560871061,877.1524646312319,0.0443171968319129,19792.59807334184,20546.703125,754.1050516581599,0.03810035695484795
BTC-26MAR27-50000-P,put,64793.62,50000.0,0.797668690980118,0.045,4179.1884900000005,0.5267230131853534,3238.7971814760317,2405.741852816876,833.0553286591553,0.2572113293860232,19795.342274004193,3992.781079346838,753.9838978708062,0.23279750340130584
BTC-26MAR27-52000-C,call,64793.66,52000.0,0.797668690980118,0.045,17640.073935,0.4133018666529037,18363.376505404893,17466.164753823246,897.2117515816462,0.0488587570655957,18363.376505404893,19182.67578125,819.2992758451073,0.04461593844704774
BTC-26MAR27-52000-P,put,64793.66,52000.0,0.797668690980118,0.045,4810.929255,0.5226710858370616,3736.2744091756176,2972.880545878664,763.3938632969539,0.204319538581587,18363.3765054049,4555.573685020718,819.2992758451,0.2192824150798583
BTC-26MAR27-54000-C,call,64793.67,54000.0,0.797668690980118,0.045,16311.806422499998,0.4119161057728788,17014.19168944039,16302.390205050982,711.8014843894089,0.0418357508474045,17014.19168944039,17868.271484375,854.0797949346088,0.050198082314111984
BTC-26MAR27-54000-P,put,64792.31,54000.0,0.797668690980118,0.045,5491.148272499993,0.5184278736297595,4316.824318539031,3582.104841823424,734.7194767156075,0.1701990682271413,17013.093418469434,5170.926212569597,854.1018940305657,0.19785421666629802
BTC-26MAR27-55000-C,call,64792.31,55000.0,0.797668690980118,0.045,15695.937097499998,0.4125784553289195,16369.530737627014,15706.182447967649,663.348289659365,0.0405233540467102,16369.530737627014,17230.26171875,860.7309811229861,0.052581286227375436
BTC-26MAR27-55000-P,put,64796.81,55000.0,0.797668690980118,0.045,5847.9121025,0.5162359225811279,4637.059192494984,4028.172904603508,608.8862878914761,0.1313087158509751,16373.08679427595,5497.6989607190335,860.6397682240495,0.18560034118541835
BTC-26MAR27-56000-C,call,64802.93,56000.0,0.797668690980118,0.045,15082.881957500002,0.4118850375306009,15754.735540344043,14993.38133503116,761.3542053128858,0.0483254195770689,15754.735540344043,16615.23046875,860.4949284059567,0.05461817662393879
BTC-26MAR27-56000-P,put,64802.23,56000.0,0.797668690980118,0.045,6237.2146375,0.5151041687671093,4977.488477592931,4303.895453842624,673.5930237503071,0.1353278921252371,15754.194581224467,5838.000927618465,860.5124500255333,0.1728808522409015
BTC-26MAR27-58000-C,call,64802.23,58000.0,0.797668690980118,0.045,13916.2788925,0.4118014411994861,14568.938275801804,14060.833802507625,508.1044732941791,0.0348758752130971,14568.938275801804,15410.9169921875,841.9787163856963,0.057792730015486175
BTC-26MAR27-58000-P,put,64802.19,58000.0,0.797668690980118,0.045,7063.43871,0.5130352322229574,5721.725681340278,5101.421168970512,620.3045123697666,0.1084121376864862,14568.90878867294,6563.695798917339,841.9701175770606,0.14715317798665148
BTC-26MAR27-60000-C,call,64802.34,60000.0,0.797668690980118,0.045,12798.46215,0.4106377080030008,13463.885772559255,13107.408557262068,356.4772152971891,0.026476547804923,13463.885772559255,14265.8564453125,801.9706727532448,0.05956457788640343
BTC-26MAR27-60000-P,put,64799.82,60000.0,0.797668690980118,0.045,7970.37786,0.5122121764672439,6546.788850883393,5849.382144913928,697.4067059694653,0.1065265310756678,13462.118961917178,7348.753873341215,801.9650224578218,0.12249746260712355
BTC-26MAR27-62000-C,call,64799.82,62000.0,0.797668690980118,0.045,11744.967375,0.4094173001502766,12435.159375445084,12030.18564753834,404.9737279067449,0.0325668305230104,12435.159375445084,13179.783203125,744.6238276799158,0.059880521447137784
BTC-26MAR27-62000-P,put,64799.91,62000.0,0.797668690980118,0.045,8926.187602500002,0.5111402581180167,7449.28210145951,6923.570729560996,525.7113718985138,0.0705720853014162,12435.219216194426,8193.903705577584,744.6216041180742,0.09995884086228701
BTC-26MAR27-64000-C,call,64799.18,64000.0,0.797668690980118,0.045,10756.66388,0.4080998453308696,11483.4122551554,10984.66351080412,498.74874435128,0.0434321030430106,11483.4122551554,12157.6328125,674.2205573446008,0.05871256229104847
BTC-26MAR27-64000-P,put,64799.27,64000.0,0.797668690980118,0.045,9962.8877625,0.5113333736606097,8427.654727796595,7818.006720212185,609.6480075844092,0.0723389872123773,11483.46884623263,9101.872405001464,674.2176772048697,0.08000062876106263
BTC-26MAR27-65000-C,call,64799.27,65000.0,0.797668690980118,0.045,10303.08393,0.4081637304217207,11035.296844527358,10445.737819383452,589.5590251439062,0.0534248451536925,11035.296844527358,11670.78515625,635.4883117226418,0.05758687968940266
BTC-26MAR27-65000-P,put,64800.06,65000.0,0.797668690980118,0.045,10497.60972,0.5112929111490506,8943.916803564673,8470.406023453646,473.5107801110262,0.0529422165378712,11035.779423851272,9579.4303484634,635.5135448987276,0.07105539539963501
BTC-26MAR27-66000-C,call,64799.95,66000.0,0.797668690980118,0.045,9865.7923875,0.4082159441758556,10605.359280297364,10074.9897991142,530.3694811831665,0.0500095722516904,10605.359280297364,11200.541015625,595.1817353276365,0.05612084603615128
BTC-26MAR27-66000-P,put,64799.95,66000.0,0.797668690980118,0.045,11048.391474999991,0.5113841440660506,9478.34815816021,8902.611651773726,575.7365063864836,0.0607422830201498,10605.359280297373,10073.529893487837,595.1817353276274,0.06279382497837628
BTC-26MAR27-68000-C,call,64786.48,68000.0,0.797668690980118,0.045,9021.517339999997,0.4079431591439795,9789.068618174557,8982.34443718793,806.7241809866246,0.0824107187775603,9789.068618174557,10300.748046875,511.67942870044317,0.05227049157163432
BTC-26MAR27-68000-P,put,64776.59,68000.0,0.797668690980118,0.045,12113.22233,0.5078575164605453,10609.387190741414,10034.231493921725,575.1556968196892,0.054211962150049,9783.555316579703,11121.029139786711,511.6419490452972,0.04822540075564367
BTC-26MAR27-70000-C,call,64776.12,70000.0,0.797668690980118,0.045,8258.9553,0.4084815056432541,9041.866406354126,8601.272689038697,440.5937173154289,0.0487281826024109,9041.866406354126,9469.697265625,427.8308592708745,0.047316653447812336
BTC-26MAR27-70000-P,put,64777.57,70000.0,0.797668690980118,0.045,13344.17942,0.509995459020041,11796.959393640493,11271.767921173256,525.1914724672351,0.0445192235509732,9042.624523179911,12224.812409523081,427.8530158825888,0.03626807566305907
BTC-26MAR27-72000-C,call,64777.57,72000.0,0.797668690980118,0.045,7530.392512499993,0.4077060324013765,8364.31889138182,7766.116523817937,598.202367563882,0.0715183597531462,8364.31889138182,8711.5048828125,347.1859914306806,0.04150798121630727
BTC-26MAR27-72000-P,put,64777.56,72000.0,0.797668690980118,0.045,14655.92295,0.5135956760991368,13048.14186649771,12348.943450758868,699.1984157388415,0.0535860525500643,8364.313999738253,13395.347398009457,347.2055315117468,0.026609576678747537
BTC-26MAR27-74000-C,call,64780.71,74000.0,0.797668690980118,0.045,6882.9504375,0.4080456444906992,7747.225809332194,7211.354123866565,535.8716854656295,0.0691694935263312,7747.225809332194,8019.98681640625,272.76100707405567,0.035207571560066285
BTC-26MAR27-74000-P,put,64780.71,74000.0,0.797668690980118,0.045,16000.83537,0.5167891439615026,14357.38667239053,13688.508055476592,668.8786169139385,0.0465877692212749,7747.225809332202,14630.147679464579,272.7610070740484,0.01899795647341392
BTC-26MAR27-76000-C,call,64780.28,76000.0,0.797668690980118,0.045,6283.68716,0.40831533380683,7184.802867939965,6469.679869840955,715.1229980990101,0.0995327236172383,7184.802867939965,7391.80712890625,207.00426096628507,0.02881140440052708
BTC-26MAR27-76000-P,put,64779.92,76000.0,0.797668690980118,0.045,17409.603499999997,0.5208885543839666,15725.083789076714,15011.71475151469,713.3690375620245,0.045365038885043,7184.649929719511,15932.070578107203,206.98678903048858,0.013162841725159522
BTC-26MAR27-78000-C,call,64780.19,78000.0,0.797668690980118,0.045,5700.65672,0.4071497840260893,6675.574780294719,6034.831386202418,640.7433940923011,0.0959832546530192,6675.574780294719,6827.40966796875,151.83488767403105,0.02274484110675002
BTC-26MAR27-78000-P,put,64780.19,78000.0,0.797668690980118,0.045,18851.03529,0.5247740527657763,17145.221635950787,16302.395968790725,842.825667160063,0.0491580502752319,6675.574780294715,17297.056523624822,151.8348876740347,0.00885581364289052
BTC-26MAR27-80000-C,call,64779.83,80000.0,0.797668690980118,0.045,5263.361187500001,0.410489405505271,6216.005005383817,5277.2071121030895,938.7978932807272,0.151029140495803,6216.005005383817,6324.564453125,108.55944774118325,0.017464504556730175
BTC-26MAR27-80000-P,put,64780.49,80000.0,0.797668690980118,0.045,20357.2689825,0.5299490450438236,18615.07572342021,17739.354312701915,875.7214107182954,0.0470436663127038,6216.24587146526,18723.6252621112,108.54953869098972,0.005831270326470934
BTC-26MAR27-82000-C,call,64780.49,82000.0,0.797668690980118,0.045,4777.5611375,0.4097503240475848,5803.36581622413,5039.711999163457,763.6538170606727,0.1315880889200144,5803.36581622413,5881.2373046875,77.87148846337004,0.01341833186625411
BTC-26MAR27-82000-P,put,64780.68,82000.0,0.797668690980118,0.045,22657.04283,0.5685258821873347,20131.55266003145,19128.298263208904,1003.2543968225508,0.0498349240003916,5803.429811777634,20209.40946934757,77.85680931611932,0.0038674021140303687
BTC-26MAR27-84000-C,call,64780.68,84000.0,0.797668690980118,0.045,4405.0862400000005,0.4124946123453942,5434.044669760497,4514.804428472607,919.24024128789,0.1691631735019221,5434.044669760497,5494.02880859375,59.98413883325338,0.011038580372195793
BTC-26MAR27-84000-P,put,64780.49,84000.0,0.797668690980118,0.045,24276.488627500003,0.5762025422910398,21691.781631391328,20867.022952254967,824.758679136361,0.0380217122388328,5433.985786838632,21751.768012521447,59.98638113011839,0.002765396690298086
BTC-26MAR27-85000-C,call,64781.26,85000.0,0.797668690980118,0.045,4210.7819,0.4128622615631001,5264.91422086139,4298.131799518213,966.7824213431776,0.1836273832368351,5264.91422086139,5320.66845703125,55.75423616985972,0.010589771044880916
BTC-26MAR27-85000-P,put,64787.98,85000.0,0.797668690980118,0.045,25089.145255,0.5799360026325469,22481.957308548237,21684.50121473293,797.4560938153045,0.0354709371106265,5266.9099658461055,22537.412088795878,55.45478024764088,0.002466634887993293
BTC-26MAR27-86000-C,call,64787.98,86000.0,0.797668690980118,0.045,4033.051755,0.413528824994778,5107.299972233697,4198.851077570431,908.4488946632664,0.1778726332117032,5107.299972233697,5161.609375,54.30940276630281,0.010633681800865592
BTC-26MAR27-86000-P,put,64792.34,86000.0,0.797668690980118,0.045,25916.936,0.5839934020748192,23283.968762838616,22344.921199139564,939.0475636990524,0.0403302191848744,5108.539921987045,23338.06018850782,54.09142566920491,0.0023231188041935194
BTC-26MAR27-88000-C,call,64792.68,88000.0,0.797668690980118,0.045,3709.38093,0.4154193341129955,4817.294777002873,3714.9032018940416,1102.3915751088316,0.2288403816124151,4817.294777002873,4877.87548828125,60.58071127837684,0.012575670388198191
BTC-26MAR27-88000-P,put,64792.68,88000.0,0.797668690980118,0.045,27569.28534,0.5909849533953756,24921.86661415331,23928.02554873344,993.8410654198742,0.0398782756045835,4817.2947770028695,24982.44732543169,60.58071127838048,0.00243082559650553
BTC-26MAR27-90000-C,call,64802.05,90000.0,0.797668690980118,0.045,3402.107625,0.4166177078655961,4563.312140644046,3533.408445371605,1029.903695272441,0.2256921427967635,4563.312140644046,4640.81640625,77.50426560595406,0.01698421304903667
BTC-26MAR27-90000-P,put,64802.4,90000.0,0.797668690980118,0.045,29258.2836,0.5989147356375817,26587.729877426675,25650.524638249943,937.2052391767284,0.0352495396747816,4563.395043977362,26665.219110793063,77.48923336638836,0.00291447347041756
BTC-26MAR27-92000-C,call,64805.79,92000.0,0.797668690980118,0.045,3126.8793675,0.4181806556930357,4340.3523250422695,3168.849995217019,1171.5023298252504,0.2699095009098924,4340.3523250422695,4444.76416015625,104.41183511398049,0.02405607363060409
BTC-26MAR27-92000-P,put,64805.91,92000.0,0.797668690980118,0.045,30961.023502500004,0.6064221098402298,28290.685935191126,27168.227817358624,1122.4581178325025,0.0396758891037089,4340.378105442942,28395.094450841934,104.40851565080811,0.003690561476310233
BTC-26MAR27-94000-C,call,64808.96,94000.0,0.797668690980118,0.045,2867.79648,0.4193065797251153,4147.436590392923,2936.3768875347846,1211.0597028581385,0.2920019815766259,4147.436590392923,4287.1171875,139.68059710707712,0.03367877821945048
BTC-26MAR27-94000-P,put,64810.41,94000.0,0.797668690980118,0.045,32713.0544475,0.6153988044726568,30023.00864341592,28908.34310426835,1114.6655391475651,0.0371270432083099,4147.717817368859,30162.612603390808,139.6039599748874,0.0046498990701753905
BTC-26MAR27-95000-C,call,64810.41,95000.0,0.797668690980118,0.045,2770.645027499994,0.4212204488460975,4061.582298243733,2900.1290829954387,1161.4532152482943,0.2859607734036358,4061.582298243733,4221.58203125,159.99973300626698,0.03939344847830669
BTC-26MAR27-95000-P,put,64810.41,95000.0,0.797668690980118,0.045,33604.197585,0.6202407957300187,30901.614622440236,29554.34858790364,1347.2660345365948,0.0435985643791646,4061.5822982437385,31061.614355446494,159.99973300625788,0.005177714335032473
BTC-26MAR27-96000-C,call,64810.79,96000.0,0.797668690980118,0.045,2657.2423900000003,0.4219488308542888,3982.28084524342,2696.303521263977,1285.9773239794436,0.3229248197086504,3982.28084524342,4164.20703125,181.92618600657988,0.0456839165986696
BTC-26MAR27-96000-P,put,64810.07,96000.0,0.797668690980118,0.045,34495.1597575,0.6248918858124999,31787.269301095694,30314.430251961163,1472.8390491345308,0.0463342426549286,3982.155478749759,31969.241263752185,181.9719626564911,0.0057246805610389
BTC-26MAR27-98000-C,call,64810.07,98000.0,0.797668690980118,0.045,2446.5801425,0.4234946496099565,3842.731540363335,2480.4855802236857,1362.245960139649,0.3544993830120246,3842.731540363335,4072.360107421875,229.62856705853983,0.05975659882730922
BTC-26MAR27-98000-P,put,64810.16,98000.0,0.797668690980118,0.045,36293.6896,0.6344940584460692,33577.25233952666,32062.255599538825,1514.996739987837,0.0451197353693055,3842.7455208818574,33806.889631144804,229.63729161814263,0.006839073349304907
BTC-26MAR27-100000-C,call,64807.56,100000.0,0.797668690980118,0.045,2252.06271,0.4249213404120874,3727.12414536965,2175.046859731596,1552.077285638054,0.4164275793083682,3727.12414536965,4008.354736328125,281.2305909584752,0.07545511766970757
BTC-26MAR27-100000-P,put,64807.56,100000.0,0.797668690980118,0.045,38090.64339,0.6433225818788989,35393.71396031334,33738.117899747085,1655.596060566255,0.0467765564931292,3727.1241453696566,35674.94455127181,281.2305909584684,0.007945777921859508
BTC-26MAR27-102000-C,call,64805.99,102000.0,0.797668690980118,0.045,2089.9931775,0.4273478490800514,3634.100809375019,2025.5494920143296,1608.5513173606892,0.442627049093149,3634.100809375019,3969.157958984375,335.0571496093562,0.09219808893165467
BTC-26MAR27-102000-P,put,64806.26,102000.0,0.797668690980118,0.045,39904.454595,0.6524054841135024,37231.50622246232,35930.72016627188,1300.786056190438,0.0349377768500178,3634.133411219751,37566.53077022694,335.024547764624,0.008998415099373517
BTC-26MAR27-104000-C,call,64806.8,104000.0,0.797668690980118,0.045,1944.204,0.4298909527421251,3562.114024852539,1846.3633848481288,1715.75064000441,0.4816664003548952,3562.114024852539,3951.634521484375,389.52049663183607,0.10935093428065124
BTC-26MAR27-104000-P,put,64806.8,104000.0,0.797668690980118,0.045,41751.7809,0.6626105133054659,39088.42983239397,37598.15191291581,1490.2779194781615,0.0381258066867427,3562.1140248525335,39477.950329025814,389.5204966318415,0.009965109836901968
BTC-26MAR27-105000-C,call,64806.88,105000.0,0.797668690980118,0.045,1863.197799999993,0.4302713610624528,3533.3746759028345,1688.3527897876954,1845.021886115139,0.5221698957367735,3533.3746759028345,3950.044189453125,416.6695135502905,0.11792395422764632
BTC-26MAR27-105000-P,put,64807.25,105000.0,0.797668690980118,0.045,40990.58562500001,0.5839116849189105,40024.01798606709,38332.55480328812,1691.4631827789708,0.0422612038443464,3533.4106803762115,40440.685674831504,416.66768876441347,0.010410441273273993
BTC-26MAR27-106000-C,call,64807.25,106000.0,0.797668690980118,0.045,1782.199375,0.4303967892068376,3509.281812242506,1766.1146506127727,1743.1671616297333,0.4967304579382903,3509.281812242506,3952.789306640625,443.507494398119,0.1263812706209275
BTC-26MAR27-106000-P,put,64807.3,106000.0,0.797668690980118,0.045,43599.111075,0.6723327896771896,40964.585112625326,39175.72393883671,1788.8611737886167,0.0436684801974788,3509.286308785013,41408.09567884031,443.5105662149872,0.01082668273084247
BTC-26MAR27-108000-C,call,64807.39,108000.0,0.797668690980118,0.045,1652.588445,0.432278809525607,3474.2160929173274,1520.4060673891329,1953.8100255281947,0.5623743524507033,3474.2160929173274,3969.9228515625,495.7067586451726,0.1426816137475558
BTC-26MAR27-108000-P,put,64807.68,108000.0,0.797668690980118,0.045,45462.58752,0.6823788493754313,42858.639872149295,41034.49694390725,1824.1429282420431,0.0425618482920504,3474.2380720101064,43354.343450529814,495.7035783805186,0.011566012824000983
BTC-26MAR27-110000-C,call,64809.36,110000.0,0.797668690980118,0.045,1555.42464,0.4357917402597036,3455.7631216845216,1500.738958501627,1955.0241631828949,0.5657286377400522,3455.7631216845216,4000.66455078125,544.9014290967284,0.1576790450935522
BTC-26MAR27-110000-P,put,64809.36,110000.0,0.797668690980118,0.045,47359.43982,0.6936768339508691,44767.96791812258,42468.67484650495,2299.293071617627,0.0513602287202955,3455.7631216845184,45312.86934721931,544.9014290967316,0.012171681102285399
BTC-26MAR27-112000-C,call,64809.36,112000.0,0.797668690980118,0.045,1442.0082599999998,0.4373542573311261,3452.465181252479,1261.6630378979178,2190.802143354561,0.6345616909479694,3452.465181252479,4042.742919921875,590.2777386693961,0.17097282888607038
BTC-26MAR27-112000-P,put,64808.77,112000.0,0.797668690980118,0.045,49238.4630075,0.7036481717748299,46694.713574090034,44643.69059653387,2051.0229775561675,0.0439240937692407,3452.435781353095,47285.016806408814,590.3032323187799,0.012641757216952444
BTC-26MAR27-115000-C,call,64808.77,115000.0,0.797668690980118,0.045,1296.1754,0.4402839542866809,3473.8023519449107,1101.4474797190617,2372.354872225849,0.6829274183943184,3473.8023519449107,4122.81787109375,649.0155191488393,0.18683144675328717
BTC-26MAR27-115000-P,put,64809.52,115000.0,0.797668690980118,0.045,52090.6517,0.7196436345271991,49609.57878604618,47246.29742217944,2363.281363866736,0.0476376018844865,3473.82649886093,50258.558439529,648.9796534828201,0.013081740852541978
BTC-26MAR27-120000-C,call,64813.35,120000.0,0.797668690980118,0.045,1118.0302875,0.4476561178130125,3571.527474446584,918.526817513885,2653.0006569326997,0.7428196131527134,3571.527474446584,4287.57177734375,716.0443028971658,0.2004868527598597
BTC-26MAR27-120000-P,put,64809.47,120000.0,0.797668690980118,0.045,56886.5122925,0.7467635982580486,54531.014267128005,51938.61965843567,2592.3946086923315,0.0475398201103158,3571.5044891955768,55247.10792246368,716.0936553356732,0.013131860189282115
BTC-26MAR27-125000-C,call,64813.35,125000.0,0.797668690980118,0.045,955.9969125,0.4532284043459179,3735.5407969057446,662.9958666007474,3072.5449303049973,0.8225167646007437,3735.5407969057446,4473.3173828125,737.7765859067554,0.19750194845091154
BTC-26MAR27-125000-P,put,64815.67,125000.0,0.797668690980118,0.045,61753.1295925,0.7759213023097042,59512.518653552674,56185.18354800206,3327.3351055506137,0.0559098351209167,3735.5013848730596,60250.311702273364,737.7930487206904,0.012397274815668501
BTC-26MAR27-130000-C,call,64815.67,130000.0,0.797668690980118,0.045,842.60371,0.4609563826510896,3955.2339545401474,588.2372392331098,3366.996715307037,0.8512762466154797,3955.2339545401474,4664.439453125,709.2054985848526,0.1793081033223755
BTC-26MAR27-130000-P,put,64816.64,130000.0,0.797668690980118,0.045,66615.30176000002,0.8031712653675424,64554.95273562615,61360.38699185781,3194.5657437683403,0.0494859899727778,3955.197976199357,65264.194212551796,709.2414769256429,0.010986631495653338
BTC-26MAR27-140000-C,call,64818.46,140000.0,0.797668690980118,0.045,664.3892149999934,0.4752933855596886,4529.0465852482,358.1026967506324,4170.943888497568,0.9209319908704344,4529.0465852482,5023.64794921875,494.60136397054976,0.10920650840323487
BTC-26MAR27-140000-P,put,64818.94,140000.0,0.797668690980118,0.045,76421.53025999998,0.8579833365782579,74773.88243297869,70617.02545011339,4156.856982865298,0.0555923652431873,4529.012692057528,75268.50645967116,494.6240266924724,0.006614930382086469
BTC-26MAR27-150000-C,call,64828.53,150000.0,0.797668690980118,0.045,534.8353725000001,0.488542337007814,5241.514711880065,251.21160588880213,4990.303105991263,0.9520727080438364,5241.514711880065,5317.88525390625,76.37054202618492,0.014570319120365834
BTC-26MAR27-150000-P,put,64828.7,150000.0,0.797668690980118,0.045,86303.206875,0.9126127686007846,85124.02286082301,80063.97737631519,5060.04548450782,0.0594432137304054,5241.498138407478,85200.40607007178,76.38320924877189,0.0008973167230789566
BTC-26MAR27-160000-C,call,64831.96,160000.0,0.797668690980118,0.045,437.61573,0.5008185357326798,6060.597120410845,164.32036183223008,5896.276758578614,0.9728871003025704,6060.597120410845,5532.99853515625,527.5985852545946,0.08705389498301266
BTC-26MAR27-160000-P,put,64831.43,160000.0,0.797668690980118,0.045,96209.84212,0.9646734496030046,95587.87035865482,89583.84960393615,6004.020754718673,0.062811533850383,6060.660654744919,95060.19652031615,527.6738383386692,0.005520301230258468
BTC-26MAR27-170000-C,call,64832.79,170000.0,0.797668690980118,0.045,353.3387055,0.5100524115025897,6964.145288658761,94.95763825045152,6869.18765040831,0.9863647821355636,6964.145288658761,5670.7666015625,1293.3786870962613,0.1857196588363187
BTC-26MAR27-170000-P,put,64808.14,170000.0,0.797668690980118,0.045,106074.723145,1.010593506610708,106165.49154878616,99562.26469407033,6603.226854715831,0.062197487699489,6967.576863381895,104868.24574009176,1297.2458086943952,0.012219091060283677
BTC-26MAR27-180000-C,call,64808.79,180000.0,0.797668690980118,0.045,317.563071,0.5261193102578428,7940.854832264617,65.65617346635557,7875.198658798261,0.9917318506819208,7940.854832264617,5739.2890625,2201.5657697646166,0.2772454372065081
BTC-26MAR27-180000-P,put,64808.53,180000.0,0.797668690980118,0.045,116088.2793625,1.0623310613614363,116785.83516222924,108667.86074240207,8117.97441982718,0.0695116356238781,7940.895495330595,114584.22872939863,2201.6064328306093,0.018851656365451507
BTC-26MAR27-190000-C,call,64808.16,190000.0,0.797668690980118,0.045,268.953864,0.5357433041673894,8973.240791614771,62.12957041630308,8911.111221198467,0.9930761280278624,8973.240791614771,5750.4853515625,3222.7554400522713,0.359151784165186
BTC-26MAR27-200000-C,call,64813.53,200000.0,0.797668690980118,0.045,239.810061,0.5478269262729243,10056.038491181034,42.22645098148387,10013.812040199551,0.9958008861025628,10056.038491181034,5714.86669921875,4341.171791962284,0.4316980086909387
